"h_age"	"frequency"
NULL	1110939
"0- 59 years"	96
"0-6 years"	29
"0-77 years"	2
"0-84 years"	1
"0-9 years"	14
"0-96 years"	2
"0.1-11 years"	3
"0.2 to 18 years"	69
"0.3 to 12 years"	67
"0.3-45 years"	1
"0.3-5.7 years"	3
"0.3-56 years"	1
"0.5 - 3 years"	74
"0.5-36 years"	3
"0.7 to 20.9 years (median = 11.0)"	1
"0.75-15 years"	47
"0.8 to 81 years"	39
"0.8-18.7 years"	25
"0.8-78 years"	1
"0.9 to 3.7 years"	4
"0.9-78 years"	2
"1 day"	2
"1 day to 103 years"	12
"1 day to 6 months"	7
"1 month"	19
"1 month - 13 years"	18
"1 month - 4 years"	16
"1 month-old"	2
"1 months"	2
"1 to 11 months"	1
"1 to 18 years"	2
"1 to 268 days"	1
"1 to 3 years"	7
"1 to 5 years"	104
"1 to 5 years or > 15 years"	4
"1 to 6 years"	19
"1 to 66 years"	30
"1 to 7 years"	39
"1 to 8 years"	5
"1 week"	26
"1 year"	209
"1 year 5 months to 15 years 8 months"	1
"1 year 8 months to 68 years"	2
"1 year old"	4
"1-1.5 years"	51
"1-10 years"	3
"1-10 years old"	110
"1-12 years"	286
"1-13 years"	1
"1-14 years"	6
"1-15 years"	9
"1-16 years"	272
"1-17 years"	311
"1-2 years"	31
"1-23 years"	6
"1-24 years"	8
"1-25 years"	4
"1-3 years"	49
"1-31 years"	1
"1-34 years"	58
"1-35 years"	3
"1-38 years"	1
"1-39 years"	12
"1-4 years"	4
"1-40 years"	1
"1-5 years old"	182
"1-51 years"	13
"1-55 years"	38
"1-6 months"	4
"1-6 years"	36
"1-60 years"	10
"1-64 years"	1
"1-7 years"	1
"1-75 years"	4
"1-84 years old"	82
"1-9 years"	27
"1-90 years"	2
"1.1-20 years"	2
"1.1–69 years"	4
"1.25-19 years"	2
"1.5 month"	8
"1.5 months to 40 years"	4
"1.5 years"	16
"1.5-7years"	25
"1.8-14.2 years"	51
"10 - 15 years"	12
"10 days"	4
"10 months"	27
"10 to 100 years"	6
"10 to 12 weeks"	90
"10 to 13 weeks"	19
"10 to 20 weeks"	4
"10 to 47 years"	6
"10 to 53 years"	6
"10 to 65 years"	63
"10 to 66 years"	75
"10 to 72 years"	37
"10 to 73 years"	5
"10 to 801 days"	2
"10 to 89 years"	27
"10 week old"	10
"10 weeks"	612
"10 weeks-old"	4
"10 years"	4
"10 years and older"	3
"10-12 weeks"	193
"10-12 weeks old"	4
"10-13 years"	4
"10-14 weeks"	86
"10-14 years"	3
"10-15 weeks"	1
"10-15 years"	7
"10-16 weeks"	8
"10-16 weeks old"	5
"10-17 years"	5
"10-19 years"	1
"10-20 weeks"	2
"10-24 weeks"	6
"10-29 years"	1
"10-39 years"	3
"10-45 years"	17
"10-62 years"	130
"10-64 years"	14
"10-66 yr"	34
"10-67 years"	3
"10-70 years"	56
"10-71 years"	2
"10-75 years"	116
"10-77 years"	1
"10-98 years"	1
"10-week-old"	13
"10-weeks"	11
"10.6 months"	4
"100 day fetus"	2
"10–14-week old"	15
"11 +/- 7 years"	9
"11 months"	3
"11 months - 55 years"	103
"11 to 47 years"	11
"11 to 51 years"	16
"11 to 66 months"	3
"11 to 82"	35
"11 weeks"	57
"11 years"	6
"11-12 weeks"	8
"11-15 months"	3
"11-58 years"	2
"11-60 years"	2
"11-62 years-old"	6
"11-68 years"	1
"11-71 years"	20
"11-72 years"	1
"11-77 years"	1
"11-78 years"	16
"11-83 years"	1014
"12 - 20 weeks"	11
"12 months"	14
"12 months old"	12
"12 to 13 years"	2
"12 to 14 weeks"	42
"12 to 16 weeks"	50
"12 to 192 weeks"	3
"12 to 54 years"	27
"12 to 55 years"	4
"12 to 60 months"	4
"12 to 66 years-old"	9
"12 to 69 years"	2
"12 to 78 years"	2
"12 to 88 years"	4
"12 week"	5
"12 weeks"	271
"12 weeks old"	2
"12 weeks-old"	4
"12 years"	2
"12-13 months"	13
"12-13 weeks"	17
"12-14 weeks"	31
"12-14 weeks old"	2
"12-15 months"	1
"12-15 weeks"	3
"12-15 years"	2
"12-16 months"	5
"12-16 weeks"	18
"12-16 weeks old"	9
"12-16 weeks-old"	4
"12-18 months"	2
"12-18 weeks"	4
"12-20 weeks"	7
"12-24 month old"	152
"12-30"	1
"12-35 years"	5
"12-44 years"	15
"12-53 years"	1
"12-54 years"	5
"12-55 years"	2
"12-57 years"	8
"12-58 years"	2024
"12-64 years"	8
"12-66 years"	2
"12-68 years"	1
"12-73 years"	78
"12-74 years"	2
"12-80 years"	16
"12-88 years"	46
"12-week-old"	37
"12.8 +/- 8 years"	10
"12.9 +/- 7.7 years"	38
"123 days"	69
"13 to 29 years"	21
"13 to 31 years"	118
"13 to 68 years"	2
"13 to 79 years"	3
"13 to 82 years"	1
"13 to 83 years"	1
"13 week"	2
"13 weeks"	1
"13 years"	24
"13-22 years"	10
"13-29 years"	61
"13-34 years"	1
"13-48 years"	5
"13-59 years"	3
"13-66 years"	16
"13-68"	9
"13-69 years"	3
"13-72 years"	9
"13-75 years"	2
"13-81 years"	10
"13-84 years"	15
"13-96 years"	2
"13.6 +/- 6.8 years"	1
14	33
"14 +/- 3 years"	21
"14 - 66 years"	27
"14 and younger"	616
"14 days"	1
"14 to 41 years"	11
"14 to 45"	8
"14 to 65 years"	1
"14 weeks"	227
"14 weeks old"	2
"14 years"	17
"14-15 weeks"	29
"14-22 weeks"	2
"14-42 years"	2
"14-50 years"	1170
"14-51 years"	10
"14-53 years"	26
"14-54 years"	3
"14-55 years"	2
"14-57"	14
"14-60 years"	3
"14-62 years"	1
"14-64 years"	6
"14-65 years old"	2
"14-67 years"	14
"14-68 years"	2
"14-71 years"	1
"14-75 years"	7
"14-76 years"	19
"14-79 years"	8
"14-80 years"	12
"14-82 years"	14
"14-85 years"	4
"14-88 years"	1
"14.1 +/- 12 years"	11
"14.3 +/- 5.7 years"	1
"14.4±3.8  years"	3
"14.4±3.8 years"	4
"15 months"	11
"15 to 67 years"	10
"15 to 71 years"	1
"15 to 76 years"	3
"15 to 78 years"	3
"15 to 92 years"	5
"15 weeks"	4
"15 weeks old"	3
"15-21 years"	9
"15-26 years"	1
"15-33 years"	1
"15-38 years"	9
"15-40 years"	4
"15-42 years"	6
"15-48 years"	100
"15-50 years"	23
"15-64 years old"	4
"15-69 years"	21
"15-70 years"	15
"15-71"	1
"15-71 years"	2
"15-72"	4
"15-73 years"	11
"15-77 years"	1
"15-82 years"	2
"15-83 years"	1
"15-86 years"	2
"15-95 years old"	1
"15.8 to 51.8 years"	3
"157 days"	3
"16 months"	5
"16 to 18 years"	2
"16 to 20 weeks"	11
"16 to 41 years"	34
"16 to 55 years"	4
"16 to 60 years"	9
"16 to 65 years"	5
"16 to 68 years"	2
"16 to 72 years"	12
"16 to 76 years"	7
"16 to 80 years"	2
"16 to 84 years"	10
"16 to 87 years"	2
"16 weeks"	45
"16 weeks-40 years"	2
"16 years"	3
"16-17 years"	1
"16-20 weeks"	3
"16-20 years"	140
"16-20years"	7
"16-22 years"	14
"16-24 years"	1
"16-25 years"	2
"16-30 years"	2
"16-38 years"	1
"16-40 years"	2
"16-43 years"	4
"16-44 years"	7
"16-45 years"	1
"16-46 years"	2
"16-52 years"	4
"16-54 years"	14
"16-56 years"	3
"16-58 years"	2
"16-66 years"	1
"16-70 years"	52
"16-72 years"	1
"16-76 years"	43
"16-77 years"	9
"16-79 years"	14
"16-83 years"	101
"16-84 years"	30
"16-85 years"	7
"16-86 years"	3
"16-87 years"	17
"16-94 years"	4
"16-Feb"	12
"17 months"	7
"17 months - 4 years"	2
"17 to 24 years"	90
"17 to 30 years"	4
"17 to 39 years"	56
"17 to 42 years"	8
"17 to 45 years"	2
"17 to 56 years"	11
"17 to 58 years"	9
"17 to 70 years"	14
"17 to 71 years"	1
"17 to 82 years"	19
"17 to 84"	4
"17 to 84 years"	1
"17 to 96 years"	2
"17 years"	11
"17-132 days"	13
"17-19 years"	7
"17-31 years"	3
"17-42 years-old"	13
"17-49 years"	1
"17-50 years"	5
"17-53 years"	2
"17-56 years"	2
"17-57 years"	27
"17-58 years"	1
"17-59 years"	6526
"17-61 years"	1
"17-62 years"	1
"17-65 years"	1
"17-66 years"	53
"17-67 years"	23
"17-68 years"	154
"17-69 years"	8
"17-71 years"	36
"17-72 years"	3
"17-73 years"	18
"17-74 years"	5
"17-80 years"	3
"17-81"	2
"17-81 years"	10
"17-84 years"	18
"17-95 years"	3
"18 +/- 11 years"	8
"18 month old"	13
"18 months"	83
"18 to 30 years"	18
"18 to 39 years"	9
"18 to 40 years"	1
"18 to 41 years"	2
"18 to 45 years"	4
"18 to 47 years"	14
"18 to 50 years"	7
"18 to 54 years"	28
"18 to 55 years"	27
"18 to 60 years"	2
"18 to 65 years"	24
"18 to 66 years"	254
"18 to 67 years"	2
"18 to 68 years"	27
"18 to 70 years"	21
"18 to 73 years"	15
"18 to 78 years"	29
"18 to 85 years"	12
"18 to 88 years"	2
"18 to 90 years"	2
"18 years"	39
"18-19 weeks"	1
"18-19 years-old"	2
"18-20 years-old"	6
"18-21"	1
"18-21 years-old"	1
"18-27 years"	166
"18-28 years old"	1
"18-30 years"	11
"18-33 years"	6
"18-35"	3
"18-35 years"	2
"18-37 years"	1
"18-38 years"	50
"18-38 years, with an average of 22 years"	48
"18-39 years"	4
"18-40 years"	2024
"18-41 years old"	1
"18-42 years"	5
"18-45 years"	147
"18-46 years"	2
"18-47 years"	2
"18-47 years old"	3
"18-49 years"	1
"18-50 years"	265
"18-51 years"	6
"18-52 years"	7
"18-53"	1
"18-54 years"	8
"18-55 years"	602
"18-58 years"	9
"18-59 years"	5
"18-60 years"	58
"18-61 years"	9
"18-62 years"	2
"18-63 years"	5
"18-65 years"	64
"18-66 years"	20
"18-67 years"	2
"18-68 years"	16
"18-69 years"	137
"18-70 years"	173
"18-71 years"	5
"18-72"	28
"18-72 years"	8
"18-74 years"	20
"18-76 years"	12
"18-77 years"	20
"18-78 years"	1
"18-79 years"	5
"18-82 years"	3
"18-83 years"	30
"18-85 years"	65
"18-87 years"	1
"18-90 years"	18
"18-91 years"	5
"18–48 years"	5
"18–55 years"	9
"18–73"	7
"19 months"	27
"19 to 36 years"	66
"19 to 44 years"	10
"19 to 45 years"	154
"19 to 47 years"	3307
"19 to 56 years"	1
"19 to 62 years"	1
"19 to 64 years"	4
"19 to 66 years"	624
"19 to 71 years"	5
"19 to 79 years"	11
"19 to 83 years"	14
"19 to 85 years"	5
"19 weeks"	3
"19 years"	23
"19-27 years old"	7
"19-29 years"	4
"19-31 years"	6
"19-35 years"	1
"19-39 years"	2
"19-40 years old"	2
"19-43"	2
"19-43 years"	3
"19-45 years"	3
"19-46 years"	6
"19-48 years"	5
"19-49"	1
"19-51 years"	10
"19-52 years"	15
"19-54 years"	38
"19-55 years"	37
"19-56 years"	135
"19-58 years"	2
"19-59 years"	11
"19-60 years"	18
"19-62 years"	1
"19-65 years"	127
"19-66"	1
"19-66 years"	1
"19-68 years"	1
"19-70 years"	132
"19-71 years"	10
"19-73 years"	10
"19-74 years"	138
"19-75 years"	5
"19-77 years"	152
"19-80 years"	52
"19-81 years"	13
"19-83 years"	69106
"19-86 years"	4
"19-87 years"	2
"19.5 to 60.2 years"	172
"19.7 to 63.3 years"	172
"19.8 to 38.8"	4
"19.9 to 60.5 years"	2
"2 - 3 months"	8
"2 and 6 years"	4
"2 and 64 years"	2
"2 days"	10
"2 mo"	5
"2 month"	2
"2 month old"	3
"2 months"	254
"2 months - 12 years"	482
"2 months old"	17
"2 months to 14 years"	6
"2 months-12 years"	3
"2 to 100 years"	2
"2 to 15 years"	8
"2 to 16 years"	174
"2 to 3 months"	30
"2 to 3 weeks"	25
"2 to 3 years"	52
"2 to 36 months"	39
"2 to 39 years"	2
"2 to 4 weeks"	16
"2 to 47 years"	2
"2 to 53 years"	12
"2 to 58 years"	2
"2 to 6 years"	6
"2 to 65 years"	407
"2 to 67 years"	9
"2 to 73 years"	3
"2 to >20 years"	9
"2 weeks"	35
"2 years"	35
"2 years 8 months to 3 years 9 months"	8
"2-11 years"	27
"2-12 years"	1
"2-13 years"	38
"2-14 years"	6
"2-15 years"	1
"2-17 years"	1
"2-18 years"	36
"2-19 years"	2
"2-23 years"	10
"2-3 month old"	3
"2-3 months"	150
"2-3 months old"	1
"2-3 weeks"	38
"2-3 years"	7
"2-3 years old"	12
"2-4 months"	45
"2-4 months old"	12
"2-4 weeks"	34
"2-4 years"	8
"2-4 years-old"	4
"2-4 yrs"	1
"2-40 years"	6
"2-45 years"	17
"2-49 years"	25
"2-5 months old"	1
"2-5 years"	114
"2-50 years"	8
"2-54 years-old"	63
"2-6 years"	4
"2-65 years"	82
"2-65 years-old"	7
"2-7 months"	1
"2-7 years"	27
"2-8 months"	1
"2-8 years"	17
"2-80 years"	2
"2-day to 6-week old"	17
"2-month-old"	6
"2-week old"	3
"2.2-47.9 years"	12
"2.5-16 years"	178
"2.5-22 years"	4
"2.5-25.4 years"	13
"2.5-6 months"	9
"2.8 months"	6
"2.8 to 4.2"	3
"20 to 30 years"	8
"20 to 34 years"	8
"20 to 40 years"	19
"20 to 57 years"	1
"20 to 59 years"	4
"20 to 60 years"	47
"20 to 66 years"	28
"20 to 70 years"	114
"20 to 72 years"	5
"20 to 75"	3
"20 to 75 years"	4
"20 to 89 years"	15
"20 weeks"	34
"20 years"	19
"20-22 weeks"	3
"20-24 weeks"	18
"20-25 years"	7
"20-29 years"	110
"20-30 years"	47
"20-31 years"	59
"20-35 years"	1
"20-42 years"	2
"20-43 years"	1
"20-44 years"	36
"20-45 years"	16
"20-46 years"	3
"20-49 years"	24
"20-53 years"	25
"20-55 years"	2
"20-56 years"	22
"20-57 years"	3
"20-59 years"	4
"20-60 years"	71
"20-64 months"	6
"20-64 years"	1
"20-66 years"	3
"20-67 years"	2
"20-68 years"	1
"20-70 years"	2
"20-72 years"	5
"20-73 years"	4
"20-74 years"	2
"20-77 years"	3
"20-79 years"	6
"20-80 years"	182
"20-81 years"	1
"20-82"	12
"20-84 years"	3
"20-85"	1
"20-85 years"	15
"20-88 years"	15
"20-89 years"	22
"20-95 years old"	7
"21 -54 years"	2
"21 day old"	312
"21 days"	20
"21 months-45 years"	13
"21 to 30 years"	16
"21 to 38 years"	2
"21 to 43 years"	2
"21 to 45 years"	6
"21 to 47 years"	6
"21 to 56 years"	52
"21 to 59 years"	10
"21 to 60 years"	1
"21 to 66 years"	3
"21 to 72 years"	10
"21 to 76 years"	161
"21 to 77 years"	1
"21 to 83 years"	6
"21 to 84 years"	10
"21 to 85 years"	3
"21 to 86 years"	4
"21 to 91 years"	2
"21 weeks"	6
"21 years"	97
"21, 27 and 36 weeks"	5
"21-25 years"	198
"21-27 years"	1
"21-33 years"	2
"21-36 years"	9
"21-40 years"	7
"21-41 years"	10
"21-44 years"	62
"21-45 years"	5
"21-46 years"	2
"21-47 years"	52
"21-49 years"	11
"21-51 years"	173
"21-53 years"	6
"21-54 years"	3
"21-57 years"	3
"21-58 years"	4
"21-59 years"	3
"21-61 years"	7
"21-63 years"	3
"21-65 years"	1
"21-66 years"	3
"21-70 years"	70
"21-73 years"	70
"21-74 years"	2
"21-77 years old"	6
"21-78 years"	3
"21-79 years"	10
"21-85 years"	6548
"21-86 years"	2
"21-90 years old"	8
"21-94 years"	4
"21.1 to 39.9 years"	3
"22 to 31 years"	1
"22 to 32 years"	59
"22 to 34 years"	10
"22 to 54 years"	1
"22 to 55 years"	11
"22 to 58 years"	8
"22 to 62 years"	8
"22 to 69 years"	1
"22 to 73 years"	1
"22 to 76 years"	1
"22 to 78 years"	3
"22 to 81 years"	27
"22 weeks"	11
"22 wk"	15
"22 years"	20
"22-24 years"	1
"22-25 years"	4
"22-34.5 years"	2
"22-40 years"	1
"22-41"	8
"22-41 years"	56
"22-42 years"	34
"22-44 years"	14
"22-52 years"	24
"22-55 years"	1
"22-59 years"	24
"22-60 years"	1
"22-61 years"	1
"22-63 years"	1
"22-65 years"	7
"22-70 years"	21
"22-71 years"	5
"22-72 years"	16
"22-73 years"	3
"22-74 years"	132
"22-75 years"	1105
"22-79 years"	38
"22-80 years"	3
"22-85 years"	2
"22-87 years"	12
"22.4 to 58.8 years"	18
"22.7 +/- 14 years"	7
"22–59"	1
"22–59 years"	2
"23 days"	6
"23 to 27 weeks"	2
"23 to 45 years"	5
"23 to 52 years"	9
"23 to 55 years"	66
"23 to 57 years"	5
"23 to 59 years"	29
"23 to 82 years"	1
"23 to 89 years"	98
"23 years"	38
"23-29 years"	11
"23-33 years"	23
"23-37 years"	2
"23-37.5 years"	2
"23-38 years"	102
"23-39 years"	26
"23-40 years"	1
"23-41 years"	2
"23-45 years"	365
"23-47 years"	1
"23-48 years"	24
"23-53"	2
"23-55 years"	1
"23-57 years"	3
"23-59 years"	38
"23-61 years"	19
"23-62 years"	4
"23-64 years"	32
"23-65 years"	2
"23-66"	2
"23-66 years"	2
"23-66 years old"	1
"23-67 years"	5
"23-69 years"	27
"23-71 years"	8
"23-76 years"	1
"23-77 years"	1
"23-78 years"	1
"23-79 years"	1
"23-80"	14
"23-80 years"	1
"23-84 years"	68961
"23.2 +/- 5.7 years"	6
"23.6-53.8"	2
"23.8 +/- 2.3 years"	1
"23.9 to 53.9 years"	2
24	1
"24 days"	2
"24 hours"	6
"24 to 28 years"	12
"24 to 35 years"	8
"24 to 37 years"	9
"24 to 55 years"	13
"24 to 59 years"	8
"24 to 60 years"	36
"24 to 61 years"	2
"24 to 65 yesrs"	1
"24 to 75 years"	2
"24 to 82 years"	3
"24 to 87 years"	2
"24 weeks"	12
"24 years"	15
"24-33 years"	1
"24-34 years"	50
"24-35 years"	2
"24-37 years"	18
"24-44 years"	1
"24-45 years"	20
"24-49"	1
"24-50 years"	1
"24-54 years"	8
"24-55 years"	41
"24-57 years"	14
"24-61 years"	7
"24-75 years"	3
"24-75 years old"	8
"24-76 years"	8
"24-79 years"	2
"24-82 years"	5
"24-83 years"	8
"24-85 years"	18
"24-95 years"	22
"24-day-old"	14
"24.92 +/- 0.84"	23
25	9
"25 days"	58
"25 to 45 years"	15
"25 to 46 years"	49
"25 to 52 years"	118
"25 to 70 years"	3
"25 to 77"	3
"25 weeks"	25
"25 years"	17
"25 years mean age"	1
"25-30 grams"	2
"25-40 years"	3
"25-43 years"	20
"25-46 years"	16
"25-50 years"	49
"25-51 years"	10
"25-53 years"	9
"25-55 years"	9
"25-58 years old"	2
"25-59 years"	11
"25-60 years"	54
"25-62 years"	57
"25-67 years"	22
"25-69 years"	13
"25-75 years"	2
"25-76 years"	83
"25-88 years"	2
"25-week-old"	10
"25.4 to 52.4 years"	6
"25.8 to 53.2 years"	3
"26 to 34 years"	2
"26 to 37 years"	9
"26 to 52 weeks"	10
"26 to 52 years"	5
"26 to 53 months"	12
"26 to 55 years"	213
"26 weeks"	24
"26 years"	170
"26-30 weeks"	1
"26-30 years"	214
"26-43 years"	1
"26-47 years"	12
"26-48"	3
"26-48 years"	1
"26-49 years"	2
"26-51 years"	25
"26-54 years"	9
"26-55 years"	32
"26-58 years"	3
"26-60 years"	18
"26-61 years"	3
"26-67 yrs"	1
"26-72 years"	61
"26-72 years-old"	8
"26-75 years"	1
"26-78 years"	1
"26-84 years"	1
"26-85 years"	1945
"26-96 years"	3
"26.2 +/- 4.8 years"	12
"26–71 years"	4
"27 to 37 years"	3
"27 to 45 years"	9
"27 to 46 years"	4
"27 to 55 years"	100
"27 to 60 years"	6
"27 to 65 years"	253
"27 to 71 years"	1
"27 to 77 years"	58
"27 to 85 years"	69
"27 weeks"	4
"27 years"	76
"27-105 years"	16
"27-47 years"	1
"27-51 years"	21
"27-54 years"	17
"27-55 years"	4
"27-56 years"	1
"27-72 years"	6
"27-74 years"	30
"27-77 years"	1
"27.4 ± 16.2 years"	5
"27.5 to 32.5 months"	7
"28 to 39 years"	3
"28 to 49.6 years"	3
"28 to 52 years"	3990
"28 to 53 years"	14
"28 to 54 years"	3991
"28 to 57 years"	18
"28 weeks"	2
"28 years"	151
"28 years-old"	2
"28-36 years"	12
"28-42 years"	6
"28-53 years"	2
"28-56 years"	20
"28-57 years"	3
"28-58 years old"	1
"28-59 years"	4
"28-60 years"	7
"28-65 years"	22
"28-68 years"	5
"28-69 years"	1
"28-70 years"	15
"28-71 years"	1
"28-74 years"	4
"28-75 years"	2
"28-82"	1
"28-85 years"	2
"28-91 years"	6
"28-92 years"	16
"28–36 years"	6
"29 +/- 9 days"	21
"29 to 47 years"	1
"29 to 52 years"	3991
"29 to 59 years"	1
"29 to 71 years"	1
"29 to 73 years"	13
"29 to 75 years"	3
"29 to 77 years"	6
"29 to 81 years"	3
"29 years"	35
"29 years old"	2
"29-44 years"	4
"29-50 years"	2
"29-56 years"	26
"29-62 years"	9
"29-63 years"	4
"29-65 years"	3
"29-68 years"	2
"29-71 years"	345
"29-82 years"	66
"29-87 years"	3
"29-96 years"	103
"3 - 4 weeks"	1
"3 days"	39
"3 month old"	10
"3 months"	1231
"3 months old"	5
"3 months to 11 years"	4
"3 months to 15 years"	1
"3 months to 2 years"	1
"3 months to 25 years"	3
"3 months to 64 years"	17
"3 months to 7 years"	4
"3 months-old"	16
"3 to 14 years"	63
"3 to 16 years"	17
"3 to 4 months"	66
"3 to 4 weeks"	1
"3 to 5 months"	46
"3 to 5 weeks"	14
"3 to 5 years"	1
"3 to 56 years"	2
"3 to 8 weeks"	2
"3 to 8 years"	5
"3 to 9 weeks"	5
"3 weeks"	181
"3 weeks - 6 months"	1
"3 weeks old"	184
"3 weeks-15 years"	20
"3 years"	201
"3 years old"	1
"3-11 years"	2
"3-14 years"	2
"3-15 years"	1
"3-15 years old"	830
"3-23 years"	25
"3-25 years"	15
"3-34 years"	1
"3-4 days"	2
"3-4 months"	104
"3-4 months-old"	27
"3-4 weeks"	76
"3-4 weeks old"	3
"3-4 weeks-old"	1
"3-4 years"	13
"3-41 years"	5
"3-48 years old"	439
"3-5 months"	8
"3-5 weeks"	48
"3-5 weeks old"	2
"3-5 years"	6
"3-6 months"	15
"3-6 weeks"	13
"3-6 years"	81
"3-61 years"	18
"3-65 years-old"	6
"3-70 years old"	335
"3-8 years"	5
"3-9 years"	141
"3-week old"	150
"3.1-18 years"	37
"3.4 to 24.4 years"	6
"3.4-86 years"	3
"3.5 month"	6
"3.5 months"	1
"3.5-15 years"	25
"3.6-18.6 years"	5
"30 days"	9
"30 to 40 years"	6
"30 to 45 years"	106
"30 to 51 years"	10
"30 to 55 years"	3
"30 to 77 years"	6
"30 weeks"	3
"30 years"	30
"30-33 years"	1
"30-40 years"	9
"30-45 years"	3
"30-52 years"	10
"30-56 years"	3
"30-58 years"	2
"30-59 years"	10
"30-60 years old"	1
"30-63 years"	1
"30-66 years"	7
"30-68 years"	106
"30-80 years"	2
"30-82 years old"	6
"30-85 years"	1
"30-89 years old"	3
"31 to 32 years"	5
"31 to 48 years"	12
"31 to 49 years"	2
"31 to 61 years"	13
"31 to 67 years"	18
"31 to 73 years"	22
"31 years"	220
"31 years old"	12
"31-32"	9
"31-45 years"	1944
"31-47 years"	1
"31-49 years"	5
"31-57 years"	5
"31-58 years"	19
"31-59 years"	7
"31-60 years"	2
"31-65 years"	16
"31-66 years"	31
"31-76 years"	26
"31-88 years"	11
"31.6+/-5.4"	4
"31.63 +/- 1.37 years"	23
"31.7+/-4.5"	4
"31and 73 years"	1
"31–83 years"	27
"32 to 52 years"	18
"32 to 66 years"	1
"32 to 69 years"	2
"32 to 72 years"	6
"32 to 73 years"	99
"32 to 78"	1
"32 to 97 years"	2
"32 years"	384
"32-43 years"	3
"32-46 years"	10
"32-54 years"	6
"32-58 years"	1
"32-60"	2
"32-62 years"	9
"32-64 years"	7
"32-68 years old"	1
"32-70"	2
"32-72 years"	2
"32-76 years"	10
"32-79 years"	76
"32-82 years"	1
"33 to 53 years"	57
"33 to 60 years"	4
"33 to 61 years"	13
"33 to 71 years"	129
"33 to 81 years"	119
"33 to 83 years"	62
"33 to 84 years"	58
"33 years"	116
"33-62 years"	17
"33-66 years old"	24
"33-71 years"	55
"33-73 years"	5
"33-88 years"	1
"33.4±6 years"	12
"33.7±4.6 years"	12
"34 to 37 years"	2
"34 years"	179
"34-48 years"	2
"34-60 years"	5
"34-61 years old"	6
"34-68 years"	1
"34-70 years"	68
"34-71 years"	2
"34-75 years"	4
"34-79 years"	3
"34-82 years"	1
"34-96 years"	185
"34.3 years"	4
35	2
"35 to 40 days"	130
"35 to 50 years"	4
"35 to 52 years"	48
"35 to 56 years"	15
"35 to 65 years"	8
"35 to 66 years"	35
"35 to 75 years"	1
"35 years"	402
"35 years mean age"	2
"35 years-old"	5
"35-40 days"	19
"35-43 years"	1
"35-55 years"	7
"35-65 years"	16
"35-70 years"	6
"35-72 years"	5
"35-75 years old"	1
"35-84 years"	38
"35-85 years"	79
"35-87 years"	5401
"35.3 to 54.3 years"	1
"35.5 +/- 12.8 years"	25
"35.5±8.1 years"	12
"36 +/- 10 years"	3056
"36 to 47 years"	3
"36 to 66 years"	114
"36 to 70 years"	2
"36 to 75 years"	12
"36 to 85 years"	22
"36 years"	158
"36 ± 13 years"	2
"36- 57 years"	8
"36-38 weeks"	10
"36-38 years"	18
"36-40 years"	82
"36-43 days"	2
"36-45 years"	8
"36-55"	2
"36-56 years"	1
"36-63 years"	3235
"36-66 years"	2
"36.1 years"	4
"36.1 years (mean)"	25
"36.2 +/- 8.9 years"	1
"36.47 +/- 12.46 years"	1
"36.8 to 64 years"	6
"36.8 years (mean)"	10
"37 average"	4
"37 to 78 years"	1
"37 to 79 years"	1
"37 years"	149
"37 ± 12 years"	4
"37 ± 14 years"	3
"37-43 years"	13
"37-44 years"	14
"37-57 years"	4
"37-66 years"	4
"37-69 years"	1
"37-75 years"	8
"37.0 +/- 12.6 years"	25
"37.4-47 years"	1
"37.6 +/- 11.0 years"	3
"37.9 +/- 6.5 years"	3
38	15
"38 days"	4
"38 to 44 years"	12
"38 to 50 years"	2
"38 to 64 years"	4
"38 to 66 years"	2
"38 to 72 years"	17
"38 to 76 years"	36
"38 to 81 years"	6
"38 weeks"	1
"38 years"	105
"38+/- 11 years"	22
"38-54 weeks"	1
"38-55  years"	1
"38-60 years"	6
"38-61 years"	6
"38-68 years"	9
"38-69 years"	1
"38-71 years"	1
"38-72 years"	5
"38-73"	93
"38-79 years"	2
"38.15 ± 6.5"	4
"38.2 to 68 years"	6
"39 +/- 2.4 years"	7
"39 to 51 years"	3
"39 to 54 years"	1
"39 to 82 years"	54
"39 years"	46
"39 ± 15"	4
"39-44 years"	14
"39-55 years"	10
"39-59 years old"	2
"39-65 years"	25
"39-67 years"	3
"39-77 years"	3
"39.0 +/- 13.8 years"	25
"39.18 ± 6.77"	4
"39.6 to 63 years"	3
"39.88 ± 10.13"	5
"4 - 6 weeks"	157
"4 days"	2
"4 month old"	13
"4 months"	92
"4 months old"	1
"4 months- 4 years"	19
"4 months-15 years"	4
"4 months-30 years"	20
"4 to 18 years"	56
"4 to 21 years"	7
"4 to 25 years"	8
"4 to 28 years"	5
"4 to 45 years"	124
"4 to 45 years-old"	12
"4 to 5 weeks"	27
"4 to 54 years"	19
"4 to 6 months"	8
"4 to 6 week"	3
"4 to 6 week old"	1
"4 to 6 week-old"	7
"4 to 6 weeks"	974
"4 to 6 weeks old"	14
"4 to 6 years"	10
"4 to 60 months"	13
"4 to 7 week-old"	301
"4 to 70 years old"	39
"4 to 8 months"	9
"4 to 8 weeks"	61
"4 to 80 years"	4
"4 to 9 years"	2
"4 week"	4
"4 weeks"	2013
"4 weeks old"	192
"4 wk"	6
"4 years"	80
"4 years old"	2
"4- to 6-week-old"	29
"4-10 weeks"	101
"4-10 weeks old"	13
"4-10 years"	41
"4-11 months"	255
"4-115 months"	67
"4-15 months"	2
"4-15 years"	99
"4-16 years"	40
"4-18 years"	629
"4-26 weeks"	1
"4-35 years"	1
"4-36 month-old"	2
"4-43 years"	39
"4-49 years"	12
"4-5 months"	5
"4-5 weeks"	285
"4-5 weeks old"	6
"4-5 years"	2
"4-54 years"	26
"4-6 months"	99
"4-6 week"	10
"4-6 weeks"	1408
"4-6 weeks old"	30
"4-6 weeks-old"	19
"4-6 wks"	107
"4-60 years old"	6
"4-7 weeks"	2
"4-7 years"	23
"4-70 years"	1
"4-78 years"	2
"4-8 months"	18
"4-8 weeks"	78
"4-8 years"	106
"4-8-week-old"	5
"4-86 years"	129
"4-9 years"	60
"4-week old"	47
"4.5 - 6 months"	12
"4.5 months"	13
"4.5-12.1 years"	1
"4.5-26 years"	1
40	3
"40 days"	2
"40 to 41 years"	35
"40 to 44 years"	2
"40 to 50 days"	18
"40 to 60 years"	16
"40 to 66 years"	1
"40 to 78 years"	3
"40 years"	147
"40-42"	7
"40-48 years"	2
"40-49 years"	13
"40-60 years"	13
"40-63 years"	9
"40-67 years"	10
"40-70 years"	2
"40-75 years"	15
"40-84 years"	2
"40-day-old"	5
"40.0±13.7 years"	11
"40.15 +/- 8.8 years"	1
"40.6 +/- 11.4 years"	8
"40.7 to 73.3 years"	4
"40.7-59.3 years"	1
"40.8-69.4 years"	6
"41 +/- 11 years"	10
"41 to 60 years"	15
"41 to 73 years"	11
"41 to 77 years"	16
"41-45 years"	16
"41.5 +/- 9.8 years"	3
"42 +/- 8.1 years"	1
"42 days"	120
"42 years"	24
"42 years old"	2
"42-53 years"	18
"42-61 years"	4
"42-71 years"	1
"42.18+/-13.23"	4
"42.3 ± 16.4 years"	9
"43 +/- 12 years"	3056
"43 days"	46
"43 t0 53 months"	6
"43 to 71 years"	1
"43 to 83 years"	7
"43 to 88 years"	1
"43 years"	48
"43-46 years"	1
"43-65 years"	16
"43-70 years"	2
"43.62 +/- 1.07 years"	2
"43.9 to 71.5 years"	48
44	4
"44 to 52 weeks"	9
"44 to 66 years"	2
"44 to 74 years"	3
"44 years"	23
"44-47"	1
"44-52 weeks"	158
"44-74 years"	6
"44-83 years"	4
"44-86 years"	2
"44.1 +/- 13.2 years"	6
"44.5-71.5 years"	1
"44.6 to 69.4 years"	3
"44.94+/-15.65"	4
"45 day"	6
"45 days"	9
"45 to 51 years"	24
"45 to 55 years"	118
"45 to 74 years"	1
"45 to 82 years"	5
"45 years"	45
"45-60 years"	17
"45-62 years"	1
"45-65 years"	90
"45-72 years"	33
"45-77 years"	9
"45-85 years"	2
"46 years"	22
"46-49 years"	2
"46-63 years"	16
"46-66 years"	5
"46-70 years"	1
"46-73 years"	1
"46-79 years"	34
"46-91 years"	6
"46-96 years"	42
"46.7 yeas (mean)"	18
"47 +/- 4.5 years"	1
"47 years"	112
"47-62 years"	1
"47-71 years"	1
"47-82 years"	2
"47-88 years"	4
48	8
"48 +/- 12 years"	6
"48 hours"	2
"48 months"	15
"48 years"	35
"48 ± 8 years"	14
"48-51"	7
"48-60 years"	5
"48-80 years"	56
"48-93 years"	4
"48.5 to 61.2 years"	1
"48.6 +/- 13.5 years"	6
49	5
"49 to 62 years"	1
"49 to 63 years"	10
"49 to 73 years"	2
"49 years"	40
"49- 55.6 years"	4
"49-56 years"	1
"49-57 years"	8
"49-66 years"	10
"49-71 years"	1
"49-72 years"	3235
"49-76 years"	18
"49-80.3 years"	2
"49-81 years"	8
"49.3-69.9 years"	6
"49.5 +/- 7.5"	1
"5 months"	63
"5 to 10 weeks"	4
"5 to 11 months"	480
"5 to 14 years"	1
"5 to 26"	2
"5 to 38 years"	34
"5 to 6 months"	15
"5 to 6 weeks"	132
"5 to 6 years"	10
"5 to 64 years"	2
"5 to 7 weeks"	32
"5 to 7 years"	1
"5 to 8 week"	2
"5 to 8 weeks"	10
"5 to 8 years"	7
"5 to 80 years"	3
"5 to 9 months"	1
"5 week"	31
"5 week old"	12
"5 weeks"	706
"5 weeks old"	1
"5 weeks-old"	3
"5 weeks."	1
"5 wk"	4
"5 years"	139
"5- 55 years"	12
"5-10 weeks"	20
"5-10 weeks old"	14
"5-11 years"	40
"5-12 months"	3
"5-13 weeks"	6
"5-13 years"	6
"5-14 years"	2
"5-16 years"	4
"5-17 years"	7
"5-18 years"	27
"5-32 years"	2
"5-37 years"	13
"5-39 years"	25
"5-49 years"	2
"5-59 years"	5
"5-59 years old"	6
"5-6 months"	2
"5-6 weeks"	719
"5-6 weeks old"	33
"5-6 weeks-old"	31
"5-6 years"	19
"5-62 years"	2
"5-64 years"	2
"5-7 months old"	8
"5-7 months-old"	2
"5-7 weeks"	398
"5-70 years"	10
"5-8 weeks"	322
"5-8 years"	2
"5-80 years"	8
"5-81 years"	13
"5-9 weeks"	4
"5-weeks-old"	16
"5.5-7.5 months"	7
"50 to 68"	19
"50 to 71 years"	41
"50 years"	64
"50-70 years"	22
"50-71 years"	17
"50-74 years"	3
"50-80 years"	5
"50-85 years"	48
"50-86 years"	4
"50.3 years median age"	10
"51 and 66 years"	5
"51 years"	231
"51-70 years"	46
"51-74 years"	3
"51-81 years"	1
"51-89 years"	40
"51.0 years"	4
"51.4 +/- 18 years"	71
"51.6 to 77.2 years"	8
52	1
"52 to 70 years"	30
"52 to 77 years"	42
"52 years"	136
"52 years old on average"	1
"52-84 years"	12
"52.7 +/- 10 years"	88
"53 +/- 11 years"	5
"53 years"	146
"53-63 years"	90
"53-75 years"	4
"53-81 years"	58
"53-85 years"	51
"53.2 years"	4
"53.7 +/- 11.2"	15
"54 to 70 years"	117
"54 to 74.6 years"	8
"54 to 85 years"	26
"54 years"	59
"54-64 years"	9
"54-71 years"	6
"54-74 years"	5
"54-78 years"	23
"54.8 to 72.4 years"	14710
"55 to 90 years"	5
"55 years"	147
"55 ± 12 years"	3
"55 ± 27 years"	18
"55-70 years"	20
"55-79 years"	2
"55-86 years"	4
"55-89 years"	2
"55.2 to 65.2 years"	9147
"55.7 +/- 5.7"	1
"55.9 +/- 19.2 years"	4
"55.9 to 76.9 years"	14710
"56 to 72 years"	1
"56 years"	169
"56-64 years"	1
"56-73 years"	1
"56.3 +/- 12.8 years"	71
"56.3 years"	1
"56.5 years median age"	10
"56.6 ± 19.3 years"	2
57	30
"57 to 75 years"	48
"57 years"	47
"57-59"	10
"58.4 +/- 14.3 years"	19
"58 years"	45
"58-70 years"	3
"58.8 +/- 8.7"	14
"59 to 65 years"	2
"59 to 72 years"	44
"59 to 80 years"	9
"59 years"	11
"59-100 years"	3
"59-67 years"	6
"59-76 years"	1
"59-84 years old"	2
"59.4 +/- 5.4 years"	8
"6 - 10 weeks"	4
"6 - 58 years"	25
"6 - 8 mo"	14
"6 - 8 weeks"	524
"6 - 8 wo"	6
"6 - 9 months"	79
"6 -12 weeks"	211
"6 days"	1
"6 days to 7  months"	1
"6 month"	127
"6 months"	248
"6 months - 47 years"	6
"6 months - 9 years"	136
"6 months old"	24
"6 months to 14 years"	148
"6 months to 3 years"	106
"6 months to 53 years"	2
"6 mos"	3
"6 or 12 months"	5
"6 to 10 months"	3
"6 to 10 weeks"	141
"6 to 12 months"	3
"6 to 12 weeks"	53
"6 to 14 weeks"	5
"6 to 15 weeks"	2
"6 to 16 years"	15
"6 to 24 months"	7
"6 to 28 years"	15
"6 to 32 years"	4
"6 to 38 years"	5
"6 to 66 years"	1
"6 to 69 years"	2
"6 to 7 weeks"	75
"6 to 8 -week-old"	4
"6 to 8 months"	253
"6 to 8 week"	16
"6 to 8 weeks"	2282
"6 to 8 weeks old"	2
"6 to 84"	1
"6 week old"	51
"6 week-old"	8
"6 weeks"	6814
"6 weeks and 18 months"	3
"6 weeks old"	766
"6 weeks-old"	43
"6 wk"	7
"6 years"	175
"6- week-old"	1
"6-10 week"	24
"6-10 weeks"	277
"6-10 weeks old"	34
"6-10 weeks-old"	50
"6-10 years"	2
"6-11 months"	2
"6-12 months"	14
"6-12 weeks"	85
"6-13 weeks"	3
"6-14 years"	1
"6-15 weeks"	4
"6-15 years"	19
"6-16 weeks"	740
"6-16 wk"	1
"6-17 years"	23
"6-18 years"	2
"6-22.8"	1
"6-22.8 years"	1
"6-24 mo of age"	17
"6-35 weeks"	1
"6-36-month-old"	2
"6-37 years"	28
"6-40 years"	62
"6-46 years"	6
"6-57 years"	7
"6-62 years-old"	62
"6-7 months"	3
"6-7 weeks"	257
"6-7 weeks old"	8
"6-7 weeks-old"	40
"6-7 weks"	4
"6-7 wks"	3
"6-7-week-old"	72
"6-8 months"	16
"6-8 week-old"	6
"6-8 weeks"	7522
"6-8 weeks old"	693
"6-8 weeks-old"	103
"6-8 wk"	4
"6-8 wks"	1
"6-9 months"	23
"6-9 weeks"	173
"6-week-old"	2
"6-weeks"	1
"6.1-36.4 years"	12
"6.5 months"	4
"6.5 to 11 years"	62
"6.94 +/- 3.58 years"	8
60	14
"60 days"	6
"60 to 74 years"	8
"60 to 77 years"	2
"60 years"	227
"60 ± 15 years"	3
"60-74"	12
"60-80 years"	1
"60-83 years"	24
"60-87 years"	1
"60-90 days"	3
"60-90 days old"	19
"60-90-days-old"	1
"60.9 +/- 11 years"	8
"608 weeks"	8
"61 to 70 years"	1
"61 years"	34
62	1
"62 to 87 years"	2
"62 years"	8
"62 ± 12 years"	1
"62-68 years"	1
"62-74 years"	1
"62-91 years"	6
"62.8 ± 10 years"	44
"63 years"	25
"63-64"	3
"63-82 years"	2
64	8
"64 to 76 years"	2
"64 years"	30
"65 and 74 years old"	3
"65 days"	13
"65 years"	100
"66 to 70 years"	1
"66 weeks"	2
"66 years"	9
"66-73"	12
"66-86 years"	2
"66.6 +/- 7.4 years"	6
67	18
"67 years"	4
"67 years old"	6
"67-95 years"	1
"68 to 77 years"	1
"68 years"	1
"68.5 +/- 16.4 years"	3
69	1
"69 years"	22
"69 ± 15 years"	3
"6–8weeks old"	8
"7 - 79 years"	2
"7 - 8 weeks"	1
"7 days"	10
"7 month"	3
"7 months"	9
"7 months - 9 years"	2
"7 months old"	9
"7 months to 10 years"	1
"7 months to 14 years"	4
"7 to 10 weeks"	5
"7 to 11 years"	5274
"7 to 12 weeks"	11
"7 to 19 weeks"	2
"7 to 36 years"	31
"7 to 41 years"	4
"7 to 54 years"	14
"7 to 55 years"	15
"7 to 65 years"	3
"7 to 77 years"	5
"7 to 78 years"	2
"7 to 8 weeks"	98
"7 to 9 weeks"	1
"7 weeks"	436
"7 weeks old"	43
"7 wk"	1
"7 years"	26
"7- 32 years"	15
"7-10 days"	4
"7-10 weeks"	91
"7-10 years"	67
"7-11 weeks"	15
"7-12 months"	85
"7-12 weeks"	43
"7-13 years"	4
"7-14 months"	1
"7-15 years"	1
"7-20 weeks"	2
"7-21 years"	10
"7-30 years"	2
"7-39 years"	9
"7-58 years"	4
"7-63 years"	86
"7-64 years"	10
"7-74 years"	9
"7-8 weeks"	337
"7-8 weeks old"	4
"7-8 weeks-old"	6
"7-9 weeks"	259
"7-9 weeks old"	3
"7-9 wks"	195
"7-9weeks"	2
"7-month-old"	7
"7-weeks-old"	4
"7.5 months"	10
"7.5 to 16.5 years"	2
"70 +/- 9 years"	3
"70 days"	13
"70 years"	632
"71 years"	41
"71-87 years"	2
"72 years"	7
"72-75 years"	2
"72-86 years"	5
"72.3±6.7 years"	1
"72.5±5.2 years"	1
"73 years"	14
"74 years"	56
"75 years"	47
"75.9 +/- 7.5 years"	1
"76 years"	23
"76.9-80.3 years"	8
77	93
"77 years"	18
"78 years"	16
"7–8 weeks"	4
"8 +/- 3 years"	8
"8 - 10 weeks"	59
"8 -10 weeks"	2
"8 days"	1
"8 mo to 35 years"	61
"8 months"	198
"8 months to 54 years"	929
"8 to 10 months"	294
"8 to 10 weeks"	386
"8 to 10 weeks old"	4
"8 to 10 weels"	6
"8 to 10 years"	87
"8 to 12 months"	70
"8 to 12 weeks"	372
"8 to 12 weeks old"	5
"8 to 12-week-old"	12
"8 to 13 weeks"	1
"8 to 16 weeks"	18
"8 to 18 weeks"	5
"8 to 24 weeks"	10
"8 to 48 years"	6
"8 to 53 years"	20
"8 to 74 years"	10
"8 to 9 weeks"	86
"8 week"	33
"8 week-old"	36
"8 weeks"	3422
"8 weeks old"	144
"8 weeks or 12 months"	2
"8 weeks-old"	49
"8 wekks-old"	6
"8 wk"	3
"8 wo"	3
"8 years"	76
"8- to 10-week-old"	2
"8-10 week"	1
"8-10 weeks"	818
"8-10 weeks old"	60
"8-10 weeks-old"	13
"8-10 wo"	94
"8-12 months"	9
"8-12 weeks"	1025
"8-12 weeks old"	41
"8-12 weeks-old"	41
"8-12 wk"	19
"8-12-week-old"	3
"8-13 years"	1
"8-14 weeks"	39
"8-15 weeks"	50
"8-15 weeks old"	13
"8-16 week"	37
"8-16 weeks"	38
"8-16 weeks old"	4
"8-16 years"	20
"8-18 years"	27
"8-20 weeks"	2
"8-24 weeks"	1
"8-24 weeks old"	2
"8-30 years"	29
"8-31 weeks"	2
"8-34 years"	4
"8-36 years"	3
"8-46 years"	43
"8-59 years"	2
"8-74 years"	9
"8-79 years"	1
"8-9 weeks"	201
"8-9 years"	794
"8-9-weeks-old"	78
"8-week old"	51
"8-week-old"	1
"8.4 to 12.4 years"	10
"8.5 +/- 3.3 years"	7
"8.6-22.8 years"	2
"8.9-13.8 years"	9
"80 years"	8
"80-84 years"	2
"81 years"	17
"81 years old"	7
"85 days"	10
"86 years"	40
"87 years"	71
"8–12 weeks"	4
"9 days"	12
"9 months"	43
"9 to 10 weeks"	1
"9 to 12 weeks"	35
"9 to 16 years"	5
"9 to 36 months"	3
"9 to 53 years"	22
"9 weeks"	248
"9 weeks old"	1
"9 years"	13
"9-10 months"	4
"9-10 weeks"	33
"9-12 weeks"	46
"9-12 weeks old"	1
"9-17 years"	1590
"9-20 weeks"	2
"9-22 months old"	1
"9-44 years"	2
"9-49 years"	10
"9-51 years"	14
"9-61 years"	18
"9-81 years"	1
"9-86 years"	1
"9-90 years"	1
"9.4 months"	3
"9.42 +/- 3.84 years"	8
"9.5 months"	2
"9.6 +/- 3.1 years"	1
"9.9-17 years"	2
"90 days"	84
"91-101 years"	37
"98 to 140 days"	50
"< 3 years"	34
"< 30 years"	3
"< 40 years"	12
"< 5 years"	9
"<16 years"	56
"<20 years"	1
"<21 years"	108
"<42-79 years"	1
"<5 years"	4
"<6 months"	11
"> 1.5 years"	3
"> 12 weeks"	81
"> 12 years old"	1
"> 18 years"	154
"> 18 years old"	1
"> 2 months"	8
"> 20 weeks"	2
"> 20 years"	6995
"> 4 years"	3
"> 6 months"	4
"> 6 weeks"	8
"> 65 years"	20
">/= 15 years"	4
">/= 18 years"	114
">10 weeks"	7
">10 years"	4
">13 years"	5
">15 years"	4
">18 years"	4
">20 years"	5
">22 weeks"	4
">24 weeks"	4
">55 years"	2
">56 years"	1
">65 years"	4
">69 years"	3
">9 years"	3
"Adult"	3944
"Adult (18-49)"	1
"Adult (6 weeks)"	3
"Adult (pregnant)"	7
"Adults"	413
"Adults and children"	51
"adults, >32 years"	1
"Adutls"	12
"at least 2 months"	96
"average 30.2 years"	72
"average 34.5 years"	72
"average age 29.8"	3
"average age 54"	92
"average age = 12.32 years"	17
"average age = 43.6 years"	6
"average age = 44.8 years"	6
"average age = 50 years"	14
"average age = 54.7 years"	2
"Average age of 37 years"	2
"average= 34.6 years"	1
"average= 53.4  years"	1
"average= 56.4  years"	1
"birth - 5 years"	3
"born before 1968"	65
"Calves"	47
"child"	5
"Child (5-11)"	2
"Children"	351
"Children <5 years old"	25
"Children and adults"	62
"College age"	1
"Elderly"	4
"elderly > 70 years"	8
"embryo"	1
"Foals"	57
"Four-week-old"	2
"Four-weeks-old"	5
"Infant"	170
"Infants"	117
"Infants and adults"	3
"Juvenile"	114
"Less than 20 years"	8
"less than 24 hours"	2
"mature"	1
"mean 11 years"	18
"mean 13. 8 years"	9
"mean 18.75 years"	1
"mean 29.7 years"	1
"mean 30 years"	2
"mean 38 years"	12
"mean 39 years"	6
"mean 48 years"	5
"mean 51.32 years"	6
"mean 53.4 years"	2
"mean 53.8 years"	2
"mean 54.37 years"	6
"mean 55.4 years"	2
"mean 59 years"	2
"mean 6.6 years"	207
"mean 61.2 years"	2
"mean 63.87 years"	4
"mean = 34 years"	3
"mean = 45 years"	493
"mean = 48 years"	493
"mean = 65.04 years"	2
"mean = 71.2 years"	2
"mean = 72.4 years"	2
"mean age 3-4 years"	8
"mean age 45 years"	1
"mean age 59.8 years"	1
"mean age = 13.8 years"	13
"Mean age = 30 years"	1
"mean age = 30.4 years"	13
"mean age = 33.6 years"	16
"Mean age = 34.8 years"	5
"mean age = 37.7 years"	13
"mean age = 38 years"	12
"mean age = 38.6 years"	1
"mean age = 38.7 years"	21
"Mean age = 39.8 ± 13.3 years"	2
"mean age = 4.4 years"	2
"mean age = 40.3 years"	4
"Mean age = 41.7 ± 15.1 years"	4
"mean age = 46 years"	11
"Mean age = 47.1 years"	12
"mean age = 48.94 years"	66
"mean age = 57 years"	10
"Mean age = 58±12 years"	2
"mean age = 60.1 years"	6
"mean age = 63 years"	4
"mean age = 65.6 years"	1
"mean age = 66.3 years"	6
"mean age = 68.3 years"	6
"mean age = 71.3 years"	7
"mean age = 9.3 years"	4
"mean age of 39.9 years"	1
"Mean age of 54. 04"	2
"Mean age: 32.56 years"	1
"Mean age: 34 years"	1
"mean age=53.7 years"	2
"Mean=8.4 ± 4.3"	1
"median 4 years"	24
"median 48 years"	1
"median 50 years"	1
"median 54 years"	161
"median 55 years"	161
"median 58 years"	1
"median 9 years"	30
"median age 21 years"	3
"Median age 33 years"	2
"median age 63 years"	5
"median age: 7.5 years"	16
"middle aged"	6
"More than 15 years"	34
"neonate"	79
"Neonates (infected mothers or PM)"	4
"newborn"	12
"newborns"	6
"newborns - 29 years"	2
"One week"	30
"over 18 years"	230
"Over 50 years"	3
"piglet"	5
"Ponies"	25
"six weeks"	4
"Steer"	2
"subadult"	6
"Three-month-old"	32
"under 7 years"	6
"up to 12 weeks old"	22
"Within 1 week after birth"	2
"Young"	31
"Young adult"	23
"Younger than 35 years"	2
"≥ 18 years"	46
NULL	298801
"0-12 years"	1
"0-13 years"	4
"0-18 years"	3864
"0-2 years"	18
"0-6 years"	6
"0.5-15 years-old"	3
"0.8 years"	2
"0.9-29.4 years"	6
"1 day"	264
"1 day old"	3
"1 day to 40 years"	28
"1 day, 7-8 days or adult"	1
"1 month"	82
"1 month-old-81 years-old"	14
"1 to 12 years"	4
"1 to 5 years"	106
"1 week"	4
"1 year"	51
"1 year-old"	2
"1-1.5 years"	10
"1-12 years"	11
"1-13 years"	6
"1-14 years"	5
"1-15 years"	5
"1-16 years"	21
"1-18 years old"	4
"1-2 months"	109
"1-2 months-old"	12
"1-2 years"	12
"1-25 years"	522
"1-3 weeks"	2
"1-32"	8
"1-33 years"	3
"1-4 months"	3
"1-48 months-old"	4
"1-52 years"	4
"1-54 years"	1
"1-55 years"	18
"1-55 years old"	4
"1-7 years"	179
"1-8 mos"	1
"1-85 years"	10
"1-9 years-old"	10
"1.1-11.6 years"	34
"1.5 - 10 years"	8
"1.5-18 months"	4
"1.5-22 months"	1
"1.5-3 years"	7
"1.8-18 years"	43
"1.8-3.3 years"	7
"10 - 15 years"	6
"10 -17 years"	3
"10 days"	18
"10 months"	40
"10 to 12 weeks"	45
"10 to 12 weeks old"	2
"10 to 13 weeks"	11
"10 to 14 weeks"	459
"10 to 15 years"	1
"10 to 16 weeks"	123
"10 to 17 days-old"	4
"10 to 18 weeks"	22
"10 to 20 weeks"	1
"10 to 21 years"	3
"10 to 27 years"	3
"10 to 41 years"	20
"10 to 56 years"	62
"10 to 63 years"	2
"10 to over 90 years"	1
"10 weeks"	581
"10 weeks or 23 weeks"	7
"10 weeks or older"	7
"10 years"	9
"10 years and older"	24
"10-11 weeks"	43
"10-12 weeks"	190
"10-12 weeks old"	1
"10-13 days"	1
"10-13 weeks"	2
"10-14 months"	16
"10-14 weeks"	226
"10-14 weeks old"	74
"10-15 weeks"	40
"10-15 years"	4
"10-16 weeks"	41
"10-16 weeks old"	41
"10-17 days"	3
"10-17 years"	67
"10-28 weeks"	5
"10-36 years"	5
"10-50 years"	8
"10-52"	2
"10-63 years"	13
"10-79 years"	8
"10.1 ± 3.6 yr"	11
"10.5 years avg."	4
"11 or 18 weeks"	18
"11 to 27 years"	2
"11 to 71 years"	2
"11 to 72 years"	1
"11 to 74 months"	5
"11 weeks"	40
"11 years"	9
"11-13 weeks"	1
"11-13 years"	3
"11-18 years"	2
"11-19 years"	10
"11-24 years"	1
"11-32 years"	3
"11-42 years"	39
"11-50"	8
"11-50 years"	2
"11-59 years"	42
"11-62 years-old"	3
"11-64 years"	1
"11-71 years"	15
"11-78 months"	10
"11-79 years old"	42
"11-80 years"	26
"12  weeks"	12
"12 +/- 2 weeks"	586
"12 months"	54
"12 months old"	13
"12 months-old"	31
"12 to 13 weeks"	6
"12 to 14 weeks"	138
"12 to 15 weeks"	2
"12 to 16 weeks"	74
"12 to 18 weeks"	20
"12 to 18 years"	135
"12 to 20 weeks"	6
"12 to 24 weeks"	9
"12 to 26 weeks"	26
"12 to 36 years"	42
"12 to 55 year-old"	14
"12 to 61 years"	1
"12 to 62 years"	6
"12 to 68 years"	8
"12 weeks"	1057
"12 weeks - 22 months"	4
"12 weeks old"	15
"12 weeks to 20 months"	4
"12 weeks-old"	3
"12 years"	40
"12 years 9 months"	4
"12- 14 weeks"	2
"12-13 weeks"	7
"12-14 weeks"	91
"12-15 months"	16
"12-15 weeks"	6
"12-16 months"	1
"12-16 weeks"	772
"12-16 weeks old"	26
"12-16 weeks or 18-22 months"	5
"12-18 weeks"	31
"12-18 years"	169
"12-20"	6
"12-20 weeks"	15
"12-23 weeks"	70
"12-24 months"	33
"12-24 weeks"	19
"12-24 years"	2
"12-29 years"	4
"12-36 years"	8
"12-41"	1
"12-43"	8
"12-48 weeks"	1
"12-48 years"	34
"12-57 years"	16
"12-62 years"	1
"12-64 years"	3
"12-65 years old"	34
"12-71 years"	42
"12-77 years"	10
"12-81 years"	95
"12.4 to 50.8 years"	2
"12.5 to 25.6 years"	14
13	9
"13 and 21 years"	2
"13 days"	2
"13 to 20 weeks"	11
"13 to 21 years"	10
"13 to 28 years"	1
"13 to 35 years"	2
"13 to 38 years"	1
"13 to 67 months"	5
"13 years"	10
"13-133 months"	2
"13-15 years"	3
"13-17"	2
"13-20 years"	12
"13-26"	2
"13-31 weeks"	2
"13-31 years"	12
"13-45"	4
"13-45 years"	32
"13-46 years"	2
"13-50 years"	14
"13-56 years"	5
"13-64 years"	6
"13-75 years"	3
"13-77 years"	2
"13-82 years"	2
"13-88 years"	95
"14 days"	6
"14 months"	1
"14 to 15 weeks"	1
"14 to 19 years"	6
"14 to 24 years"	2
"14 to 38 years"	11
"14 to 51 years"	2
"14 to 53 years"	6
"14 to 72 years"	1
"14 week old"	45
"14 weeks"	3
"14 years"	13
"14 years-old"	1
"14-16 weeks"	6
"14-18 months"	2
"14-18 years"	4
"14-20 weeks"	6
"14-24 weeks"	4
"14-25 years"	9
"14-26 years"	3
"14-28 years"	2
"14-38 years"	2
"14-44 years"	3
"14-45 years"	6
"14-46 years"	27
"14-48 years"	5
"14-49 years"	2
"14-53 years"	68
"14-55 years"	1
"14-56"	840
"14-56 years"	2
"14-59 years"	4
"14-60 years"	18
"14-65 years old"	30
"14-74"	2
"14-75 years"	121
"14-80 years"	7
"14-86 years"	1
"14.1 years"	7
"14.2 to 24.2 years"	14
15	3
"15 day"	2
"15 days"	8
"15 or 24 weeks"	32
"15 to 27 years"	38
"15 to 37 years"	6
"15 to 41 years"	1
"15 to 61 years"	26
"15 to 70 years"	34
"15 to 72 years"	2
"15 weeks"	87
"15 years"	19
"15 years old"	6
"15-16 weeks"	35
"15-17 weeks"	5
"15-18 months"	26
"15-20 weeks"	3
"15-21 years"	18
"15-23 years"	17
"15-38 years"	6
"15-41 years"	15
"15-44 years"	166
"15-50 years old"	18
"15-53 years"	76
"15-62 years"	15
"15-73 years-old"	20
"15-74 years"	34
"15-81 years"	2
"15-90"	9
"16 - 24 weeks old"	1
"16 and 44 years"	1
"16 to 18 months"	2
"16 to 55 years"	15
"16 to 63 years"	32
"16 weeks"	28
"16 years"	19
"16 years-old"	1
"16 ± 11 days"	5
"16-20 weeks"	10
"16-21 years"	4
"16-24 weeks"	14
"16-24 years"	3
"16-26 weeks"	2
"16-34 years"	1
"16-36 years"	11
"16-39 years"	48
"16-43 years"	8
"16-45 years"	12
"16-48 years old"	38
"16-50 years"	111
"16-50 years-old"	6
"16-52 years"	20
"16-53"	2
"16-56 years"	8
"16-59 years"	48
"16-71 years"	26
"16-73 years"	2
"16-74 years"	3
"16-75 years"	4
"16-80 years"	18
"16-84 years"	7
"16-86 years"	86
"16-87 years"	34
17	60
"17 +/- 6 years"	6
"17 - 60 years"	4
"17 to 24"	9
"17 to 26 weeks"	1
"17 to 40 years"	6
"17 to 47 years"	22
"17 to 58 years"	43
"17 to 59 years"	76
"17 to 74 years"	13
"17 to 78 years"	63
"17 weeks"	8
"17 years"	14
"17-20 years"	4
"17-36 years"	11
"17-41 years"	6
"17-46 years"	11
"17-47 years"	250
"17-56"	16
"17-57"	30
"17-59 years"	13
"17-66 years"	84
"17-66 years old"	20
"17-67 years"	4
"17-72 years"	13
"17-78 years"	14
"17-81 years old"	13
"17-86 years old"	30
"17-88"	6
"18 months"	3
"18 to 24 months"	4
"18 to 30 years"	11
"18 to 35, or 65 to 95 years."	4
"18 to 39 years"	2
"18 to 40 years"	15
"18 to 43 years"	6
"18 to 45 years"	41
"18 to 49 years"	55
"18 to 50 years"	43
"18 to 51 years"	21
"18 to 55 years"	14
"18 to 56 years"	2
"18 to 59 years old"	28
"18 to 60 years"	49
"18 to 61 years"	21
"18 to 62 years"	1
"18 to 65 years"	90
"18 to 68 years"	2
"18 to 70 years"	3
"18 to 71 years"	1
"18 to 75 years"	24
"18 to 77 years"	3
"18 weeks"	20
"18 years"	26
"18 years or older"	4
"18+ years"	8
"18, 35 years"	1
"18-19 weeks"	12
"18-21 years"	5
"18-22 months or 4-6 months"	4
"18-22 weeks"	1
"18-23 years"	26
"18-26 years"	46
"18-30 years"	55
"18-30 years old"	15
"18-33 months"	5
"18-36 months"	6
"18-36 years"	2
"18-38 months"	10
"18-38 years"	5
"18-40 years"	14
"18-40 years old"	24877
"18-40 years, 65 years and over."	4
"18-41 years"	12
"18-43 years"	1
"18-44 years"	10
"18-45"	4
"18-45 years"	116
"18-46 years"	16
"18-48 years"	65
"18-49"	28
"18-49 years"	26
"18-50 years"	693
"18-50 years old"	13
"18-50 years-old"	1
"18-51 years"	450
"18-52 years"	24
"18-53 years-old"	2
"18-54 years"	24
"18-54 years-old"	47
"18-55 years"	206
"18-55 years-old"	158
"18-56 years"	349
"18-56 years-old"	18
"18-58 years"	144
"18-59 years"	233
"18-60 years"	1586
"18-60 years old"	50
"18-60 years-old"	567
"18-61"	10
"18-61 years"	3
"18-62 years"	857
"18-63 years old"	38
"18-64 years"	30
"18-65  years"	3
"18-65 years"	3908
"18-68 years"	357
"18-69 years"	6
"18-70"	2
"18-70 years"	10
"18-70 years-old"	1
"18-71 years"	141
"18-72 years"	6
"18-73 years"	27
"18-75 years"	201
"18-75 years (mean 39.1)"	2
"18-75 years (mean 46)"	2
"18-76 years"	27
"18-77 years"	187
"18-78 years old"	31
"18-80 years"	39
"18-81 years"	187
"18-82 years"	179
"18-84 years"	7
"18-85 years"	253
"18-86 years"	1
"18-91 years"	60
"18–64 years)"	16
19	4
"19 to 27 years"	8
"19 to 36 years"	439
"19 to 44 years"	13
"19 to 54 years"	10
"19 to 56 years"	21
"19 to 57 years"	2
"19 to 59 years"	20
"19 to 61 years"	25
"19 to 65 years"	1201
"19 to 68 years"	192
"19 to 83 years"	84
"19 to 91 years"	1239
"19 weeks"	1
"19 years"	21
"19- 53 years"	1
"19- 95 years"	1173
"19-25"	12
"19-26"	6
"19-28 years"	1
"19-29 years"	5
"19-30"	2
"19-31 years"	10
"19-32 years"	55
"19-33 years"	3
"19-38 years"	7
"19-38 years old"	8
"19-39 years"	19
"19-40 years"	99
"19-41 years"	25
"19-45"	19
"19-46 years"	18
"19-48"	10
"19-48 years"	8
"19-51 years"	8
"19-53 years"	54
"19-54 years"	6
"19-54 years-old"	2
"19-57"	21
"19-57 years"	1
"19-58 years"	6
"19-59 years"	25
"19-61"	36
"19-62"	18
"19-63 years"	12
"19-65 years"	7
"19-65 years-old"	28
"19-67 years"	6
"19-70 years"	238
"19-71 years"	1
"19-72 years"	225
"19-73 years"	6
"19-74 years-old"	29
"19-76 years"	7
"19-77 years"	568
"19-81 years"	3
"19-82 years"	13
"19-86 years"	5
"19-95 years"	7
"19.9 to 22.1 years"	2
"19–67 years"	12
"2 day old"	1
"2 days old"	1
"2 months"	637
"2 months and 5 months"	1
"2 months old"	28
"2 months or 2-10 months"	1
"2 months or older"	17
"2 months to 52 years"	20
"2 to 14 years"	4
"2 to 26 months"	1
"2 to 3 months"	227
"2 to 3 years"	6
"2 to 4 months"	30
"2 to 4 monts"	3
"2 to 4 weeks"	1
"2 to 49 years"	1
"2 to 6 months"	61
"2 to 62"	31
"2 to 76 years"	29
"2 weeks"	143
"2 years"	142
"2 years 8 months to 3 years 9 months"	1
"2, 12, or 20 months"	3
"2, 3, or 4 months"	2
"2- 4 months"	2
"2-12 months"	145
"2-15 years"	21
"2-16 years"	11
"2-17 years"	6
"2-18 mo"	27
"2-20 months"	8
"2-3 months"	409
"2-3 months and 18-22 months"	5
"2-3 months or 18-20 months"	2
"2-3 years"	20
"2-32 years"	140
"2-33 months"	1
"2-35 years"	4
"2-4 months"	644
"2-4 months old"	77
"2-43 years"	42
"2-5 months"	49
"2-5 years"	123
"2-54 years"	3
"2-56 years"	42
"2-6 months"	883
"2-62 years"	1
"2-68 years old"	160
"2-71 years"	1
"2-8 months"	67
"2-8 years"	30
"2-80 years"	4
"2-day old"	9
"2-day or 8-week"	8
"2.0-15.1 years"	4
"2.5 to 17 years"	1
"2.5-25.4 years"	257
"2.5-4 months"	2
"2.5-6 months"	15
"20 - 57 years"	12
"20 - >65 years"	5
"20 months"	11
"20 to 25 years"	14
"20 to 40 years"	1
"20 to 41 years"	21
"20 to 43 years"	40
"20 to 48 years"	3
"20 to 55 years"	38
"20 to 56 years"	7
"20 to 58 years"	4
"20 to 59 years"	187
"20 to 60 years"	36
"20 to 64 years"	10
"20 to 69 years"	506
"20 to 70 years"	22
"20 to 72 years"	137
"20 to 74 years"	2
"20 to 75 years"	24
"20 to 79 years"	74
"20 to 80 years"	147
"20 weeks"	17
"20 weeks old"	18
"20 years"	52
"20 years old"	104
"20- 54 years"	34
"20-23 years"	2
"20-24 weeks"	7
"20-25 years"	4
"20-26 years"	1026
"20-27 weeks"	71
"20-27 years"	4
"20-29 years"	11
"20-37 years"	10
"20-39 years"	489
"20-40 years"	14
"20-41 years"	7
"20-45 years"	381
"20-46 years"	1284
"20-47 years"	20
"20-48 years"	2
"20-50 years"	9
"20-51"	5
"20-51 years"	61
"20-52 years"	12
"20-53 years"	3
"20-55 years"	20
"20-55 years old"	20
"20-56 years"	30
"20-58"	6
"20-58 years"	1
"20-58 years-old"	1644
"20-60 years"	282
"20-61 years"	9
"20-63 years"	484
"20-65"	39
"20-65 years"	146
"20-65 years-old"	20841
"20-66 years"	1
"20-67 years"	35
"20-68 years"	4
"20-69 years"	57
"20-70 years"	28
"20-72 years"	129
"20-73 years"	6
"20-75 years"	177
"20-77 years"	68
"20-78 years"	7
"20-79 years"	2
"20-80 years"	50
"20-81 years"	20
"20-83 years"	1
"20-90 years"	2
"20-92 years"	3
"20.6-50.1 years"	22
"20–67 years"	16
21	36
"21 and 44 years"	2
"21 to 24 weeks"	6
"21 to 33 years"	40
"21 to 35 years"	107
"21 to 40 years"	20
"21 to 44 years"	1
"21 to 53 years"	271
"21 to 56 years"	19
"21 to 60 years"	2
"21 to 61 years"	15
"21 to 66 years"	1273
"21 to 67 years"	372
"21 to 68 years"	6
"21 to 70 years"	399
"21 to 74 years"	121
"21 to 77 years"	376
"21 to 87 years"	69
"21 years"	16
"21 years old"	8
"21, 25 and 44 years"	1
"21- 75 years"	12
"21-24 days"	1
"21-24 years"	1
"21-26"	6
"21-27 years"	4
"21-28 years"	18
"21-29 years"	3
"21-30 years"	2
"21-31 years"	87
"21-32 years-old"	1
"21-34 years"	5
"21-35"	2
"21-35 years"	19
"21-37"	1
"21-38 years"	3
"21-39 years"	23
"21-41 years"	32
"21-42 years old"	31
"21-44 years"	10
"21-45 years"	37
"21-45 years old"	150
"21-45 years-old"	2
"21-46 years"	9
"21-47 years-old"	2
"21-48 years"	3
"21-48 years-old"	2
"21-49 years-old"	1
"21-50 years"	54
"21-50 years old"	6
"21-51 years"	4
"21-52 years"	175
"21-52 years-old"	1
"21-53 years"	11
"21-53 years-old"	21
"21-54 years"	55
"21-54 years-old"	22
"21-55 years"	8350
"21-55 years old"	13
"21-55 years-old"	34
"21-56 years"	626
"21-56 years-old"	2
"21-58 years"	6
"21-58 years-old"	81
"21-59 years"	113
"21-59 years-old"	33
"21-62 years"	261
"21-63 years"	112
"21-64 years"	6
"21-65 years"	6
"21-66  years"	5
"21-66 years"	12
"21-66 years old"	40
"21-67 years"	176
"21-68 years"	30
"21-70 years"	122
"21-72 years"	3
"21-73 years"	8
"21-75 years"	479
"21-76 years"	5176
"21-77 years"	72
"21-79"	3
"21-79 years"	9
"21-81 years"	4
"21-82 years"	578
"21-83 years old"	6
"21-84 years"	8
"21-87 years"	7
"21-90 years"	12
"21-91 years"	30
"21-92 years"	628
"21.1 to 43 years"	27
"21.6 to 60.6 years"	27
"21.9 to 29.3 years"	27
22	2
"22 - 53 years"	2
"22 - 64 years"	290
"22 and 68 years"	1
"22 to 26 months"	1
"22 to 32 years"	54
"22 to 41 years"	40
"22 to 42 years"	2
"22 to 45 years"	52
"22 to 51 years"	38
"22 to 54 years"	4
"22 to 56 years"	53
"22 to 59 years"	64
"22 to 60 yeras"	22
"22 to 63 years"	6
"22 to 64 years"	126
"22 to 66 years"	13
"22 to 68 years"	71
"22 to 71 years"	11
"22 to 76 years"	14
"22 to 80 years"	8
"22 to 82 years"	23
"22 to 85 years"	2
"22 to >60 years"	1
"22 weeks"	1
"22 years old"	4
"22- 66 years"	93
"22- 67 years"	3
"22-108 months"	4
"22-25 years"	6
"22-26 years"	1
"22-29 years"	2
"22-32 years"	2
"22-35 years"	27
"22-35 years old"	13
"22-36 years"	7
"22-38 years"	10
"22-39"	10
"22-40 years"	12
"22-43 years"	1
"22-43 years-old"	3
"22-44 years"	1
"22-44 years-old"	1
"22-45 years"	9
"22-45 years-old"	13
"22-46"	27
"22-46 years"	5
"22-47 years"	2
"22-47 years-old"	13
"22-48 years-old"	4
"22-49 years-old"	2
"22-51 years-old"	1
"22-52 years"	126
"22-53 years"	8350
"22-53 years-old"	38
"22-54 years"	2
"22-54 years-old"	13
"22-55 years"	88
"22-55 years-old"	25
"22-56 years"	9
"22-57 years"	40
"22-58 years"	68
"22-58 years-old"	38
"22-59 years"	17
"22-59 years-old"	36
"22-60 years"	152
"22-61 years-old"	2
"22-62 years"	34
"22-64 years"	26
"22-65 years"	18
"22-66 years"	54
"22-69 years"	20
"22-71"	1
"22-71 years"	56
"22-75 years"	8
"22-76 years"	148
"22-77 years"	26
"22-83 years"	1
"22-84 years"	1
"22-88 years"	2
"22-91 years"	21
"22.5-35.5"	4
"22.8 to 58.9 years"	2
"23 and 61 years"	1
"23 days"	3
"23 to 26 years"	4
"23 to 33 years"	3
"23 to 39 years"	30
"23 to 52 years"	5
"23 to 55 years"	469
"23 to 57 years"	4
"23 to 60 years"	6
"23 to 69 years"	3
"23 to 73 years"	21
"23 to 74 years"	24
"23 to 77 years"	10
"23 to 81 years"	48
"23 weeks"	1
"23 years"	58
"23 years old"	77
"23 years-old"	6
"23- 51 years"	140
"23- 70 years"	3
"23-27 years"	1
"23-31 years"	1
"23-32"	17
"23-33 years"	1
"23-34 years"	13
"23-35 years"	22
"23-35 years old"	3
"23-37 years"	1
"23-39 years"	320
"23-40 years"	3
"23-41 years"	8
"23-41 years-old"	2
"23-42 years"	150
"23-43 years"	18
"23-43 years-old"	5
"23-44 years"	2
"23-44 years-old"	2
"23-45 years"	5
"23-45 years old"	2
"23-45 years-old"	3
"23-47 years-old"	4
"23-48 years"	36
"23-48 years-old"	1
"23-50 years"	4
"23-52 years"	277
"23-53"	3
"23-53 years"	1
"23-53 years-old"	7
"23-54 years-old"	11
"23-55 years"	64
"23-55 years old"	35
"23-55 years-old"	24
"23-57 years"	98
"23-58 years"	11
"23-59 years-old"	19
"23-60 years"	3
"23-61 years"	2360
"23-62 years"	14
"23-64"	4
"23-65 years"	35
"23-66 years"	1047
"23-67"	18
"23-67 years"	25
"23-69 years"	1
"23-69 years-old"	8
"23-70 years"	2
"23-72 years"	5
"23-77 years"	21
"23-78 years"	32
"23-80 years"	12
"23-81 years"	6
"23-85 years"	150
"23-87 years"	70
"23-91 years"	5
"23-95 years"	578
"23.3 to 45.9 years"	2
"23–52 years"	6
"23–63 years"	2
24	13
"24 - 46 years"	32
"24 -49 years"	140
"24 hours"	12
"24 hours after birth"	7
"24 to 27 years"	1
"24 to 32 years"	13
"24 to 34 years"	1
"24 to 37 years"	2
"24 to 38 years"	6
"24 to 42 years"	7
"24 to 46 years"	29
"24 to 48 years"	123
"24 to 51 years"	23
"24 to 60 years"	78
"24 to 65 years"	12
"24 to 68 years"	60
"24 to 75 years"	15
"24 to 78 years"	139
"24 to 79 years"	1
"24 to 82 years"	38
"24 weeks"	3
"24 years"	30
"24 years old"	3
"24-108 months"	3
"24-27 years"	2
"24-28 years"	2
"24-31 years"	5
"24-32 years"	9
"24-32 years old"	2
"24-36"	17
"24-37 years"	1
"24-38 years"	7
"24-39 years"	16
"24-40 years"	84
"24-42 years"	1
"24-43 years"	71
"24-45 years"	15
"24-46"	28
"24-46 years"	96
"24-47 years"	103
"24-48 years"	5
"24-49 years"	51
"24-50 years"	59
"24-51 years"	18
"24-52"	3
"24-52 years"	125
"24-53 years"	4
"24-55"	4
"24-58 years"	27
"24-59 years"	2
"24-60 years"	204
"24-63 years"	231
"24-65 years"	249
"24-66 years"	83
"24-67"	18
"24-69 years"	97
"24-70 years"	7
"24-71 years"	30
"24-73 years"	11
"24-74 years"	1
"24-75"	92
"24-75 years old"	28
"24-76 years"	16
"24-79 years"	13
"24-81 years"	164
"24-82 years"	4
"24-85 years"	11
"24-87 years"	3
"24-88 years"	3
"24-95 years"	63
"24-day-old"	1
"24.6 to 44.2 years"	27
"24–62 years"	2
"24–87 years"	1
"24–88 years"	2
25	31
"25 days"	28
"25 to 40 years"	15
"25 to 52 years"	198
"25 to 55 years"	4
"25 to 59 years"	24
"25 to 61 years"	103
"25 to 67 years"	50
"25 to 73 years"	6
"25 to 76 years"	22
"25 to 81 years"	7
"25 to 82 years"	7
"25 weeks"	44
"25 years"	94
"25 years old"	124
"25- 27 years"	3
"25- 49 years"	5
"25- 54 years"	17
"25-31 years"	34
"25-33 years"	3
"25-37"	1
"25-38 years"	7
"25-40 years"	13
"25-41 years"	19
"25-42 years"	14
"25-43 years-old"	1
"25-44 years"	71
"25-45"	3
"25-45 years"	44
"25-47 years"	8
"25-48 years"	21
"25-49 years"	4
"25-50 years"	5
"25-50 years-old"	28
"25-51 years"	8
"25-52 years"	4
"25-53 years"	28
"25-54"	28
"25-54 years"	41
"25-54 years-old"	1
"25-55 years"	31
"25-55 years-old"	4
"25-56 years"	58
"25-57 years"	141
"25-58 years"	15
"25-58 years old"	42
"25-58 years-old"	1
"25-59 years"	30
"25-59 years-old"	1
"25-60 years"	33
"25-61 years"	16
"25-62 years"	4
"25-65 years old"	8
"25-67 years"	62
"25-68 years old"	39
"25-69 years"	5
"25-72 years"	3
"25-73"	13
"25-76 years"	13
"25-77 years"	13
"25-78 years"	433
"25-80 years"	2242
"25-81 years"	4
"25-82 years"	5
"25-88 years"	15
"25-89 years"	39
"25.5 - 56 years"	25
"25–87 years"	1
"25–88 years"	9
26	75
"26 - 52 years"	8
"26 and 54 years"	2
"26 to 34 years"	4
"26 to 44 years"	69
"26 to 47 years"	3
"26 to 50 years"	15
"26 to 53 months"	10
"26 to 53 years"	12
"26 to 60 years"	11
"26 to 64 years"	12
"26 years"	15
"26 years old"	7
"26-28 months"	1
"26-34 years"	6
"26-38 years"	9
"26-39"	2
"26-39 years"	451
"26-40 years"	4
"26-42 years"	15
"26-44 years"	1
"26-45 years"	552
"26-46 years"	59
"26-50 years"	13
"26-52 years"	8
"26-55"	10
"26-55 years"	4
"26-57"	5
"26-57 years"	6
"26-58"	2
"26-58 years"	11
"26-58 years old"	4
"26-59 years old"	8
"26-60 years"	36
"26-62 years"	450
"26-63 years"	44
"26-64"	6
"26-64 years"	3
"26-66 years"	10
"26-68 years"	36
"26-72 years-old"	28
"26-75 years"	4
"26-78 years"	4
"26-79 years"	16
"26-80 years"	8
"26-93 years"	9
"26.2 +/- 4.8 years"	24
"26.7 +/- 1.0 years"	1
27	9
"27 +/- 6 years"	6
"27 - 62 years"	24
"27 days"	5
"27 to 39 years"	6
"27 to 49 years"	3
"27 to 51"	11
"27 to 52 years"	4
"27 to 53 years"	31
"27 to 56 years"	29
"27 to 59 years"	3
"27 to 64 years"	21
"27 to 78 years"	68
"27 weeks"	13
"27 years"	210
"27 years old"	10
"27- 60 years"	16
"27- 76 years"	11
"27-29 days"	1
"27-29 years"	54
"27-32 years-old"	2
"27-39 years-old"	2
"27-40 years"	465
"27-40 years-old"	2
"27-41 years"	9
"27-42 years-old"	2
"27-44 years"	11
"27-48 years"	10
"27-49 years"	9
"27-53 years"	3
"27-53 years-old"	1
"27-54 years"	63
"27-55 years-old"	1
"27-56 years old"	13
"27-57 years"	300
"27-58 years"	36
"27-60"	10
"27-60 years"	22
"27-62 years"	16
"27-64 years"	1002
"27-65 years"	161
"27-66 years"	20
"27-67 years"	2
"27-68 years"	45
"27-69 years"	3
"27-70 years"	2
"27-71 years"	42
"27-72 years"	4
"27-75 years"	6
"27-79 years"	50
"27-82 years"	6
"27-87 years"	88
"27.5 to 32.5 months"	1
28	148
"28 to 30 years"	2
"28 to 33 years"	1
"28 to 52 years"	30
"28 to 60 years"	19
"28 to 61 years"	70
"28 to 63 years"	37
"28 to 64 years"	104
"28 to 65 years"	1
"28 to 68 years"	46
"28 to 69 years"	1
"28 to 76 years"	54
"28 to 86 years"	15
"28 to 87 years"	5
"28 years"	175
"28 years old"	50
"28 years-old"	3
"28-29 years"	6
"28-32 years-old"	1
"28-34 years"	2
"28-35 years"	1
"28-36 years"	71
"28-38 years"	63
"28-39 years"	1
"28-40 years-old"	1
"28-42 years"	15
"28-43 years"	5
"28-44"	20
"28-44 years"	1
"28-48 years"	30
"28-52 years"	101
"28-53 years"	9
"28-54 years"	12
"28-55 years"	149
"28-57 years"	21
"28-58 years"	2
"28-58 years old"	3
"28-59 years"	15
"28-60 yrs"	9
"28-61 years"	6
"28-63 years"	2
"28-64 years"	130
"28-65 years"	28
"28-66 years"	1
"28-67 years"	3
"28-69 years"	5
"28-71 years"	154
"28-72 years"	15
"28-79 years"	240
"28.7 years"	6
"28.8-41.9 years"	2
29	19
"29 and 53 years"	1
"29 to 36 years"	2
"29 to 39 weeks"	43
"29 to 52 years"	24
"29 to 53 years"	34
"29 to 54 years"	14
"29 to 56 years"	21
"29 to 61 years"	9
"29 to 65 years"	2
"29 to 82 years"	9
"29 years"	43
"29 years old"	20
"29 years ± 6.5"	1
"29-36 years"	8
"29-37 years"	4
"29-38"	19
"29-38 years"	5
"29-39 years"	2
"29-41 years"	4
"29-42 years"	29
"29-45 years"	45
"29-48 years"	3
"29-49 years"	31
"29-51 years"	38
"29-53 years"	16
"29-54 years"	2
"29-55"	40
"29-55 years"	4
"29-58 years"	11
"29-60 years"	25
"29-62"	24
"29-62 years"	8
"29-63"	28
"29-65 years"	16
"29-67 years"	11
"29-70"	10
"29-74 years"	2
"29-76 years"	11
"29-76 years old"	15
"29-79 years"	1
"29-82 years"	141
"29-83"	8
"2–25 years"	8
"3 - 4 week old"	3
"3 - 4 weeks"	19
"3 month"	2
"3 months"	194
"3 months- 17 years"	3
"3 months-old"	19
"3 to 21 years"	28
"3 to 24 years"	15
"3 to 25 years"	8
"3 to 4 months"	1
"3 to 4 weeks"	18
"3 to 5 months"	40
"3 to 5 weeks"	31
"3 to 6 months"	13
"3 to 6 years"	6
"3 to 67 years"	2
"3 to 75 years"	7
"3 to 8 months"	43
"3 to 8 weeks"	86
"3 weeks"	581
"3 years"	9
"3-10 years old"	35
"3-12 months"	1
"3-12 years"	72
"3-14 years"	6
"3-15 weeks"	1
"3-16 years"	70
"3-17 years"	20
"3-17.7 years"	24
"3-18 years"	72
"3-20 weeks"	3
"3-22 months"	1
"3-22 years"	20
"3-24 weeks"	1
"3-32 weeks"	24
"3-34 years"	8
"3-4 months"	69
"3-4 months-old"	12
"3-4 weeks"	214
"3-4 weeks old"	2
"3-4 years"	24
"3-45 years"	2
"3-5 months"	43
"3-5 week-old"	4
"3-5 weeks"	18
"3-52 years"	12
"3-6 months"	22
"3-6 weeks"	10
"3-65 years"	110
"3-8 months"	349
"3-8 years"	18
"3.3 -54 years"	2
"3.5-17 months"	20
"3.6-14.8 years"	4
"3.8 to 18.7 years"	1
30	7
"30 days"	1
"30 or 35 years"	1
"30 to 40 days"	3
"30 to 49 years"	42
"30 to 61 years"	1
"30 to 67 years"	13
"30 to 70 years"	12
"30 to 79 years"	10
"30 weeks"	4
"30 years"	72
"30 years old"	10
"30 years or younger"	14
"30-34 years"	16
"30-37 years"	38
"30-39 years"	6
"30-40 years"	1
"30-43 years"	2
"30-45"	16
"30-45 years"	13
"30-45 years old"	2
"30-48 years"	72
"30-48 years old"	1
"30-48 years-old"	2
"30-50 years-old"	2
"30-51 years"	59
"30-52 years-old"	25
"30-53 years old"	11
"30-53 years-old"	1
"30-54 years old"	13
"30-55 years old"	4
"30-55 years-old"	3
"30-56 years"	17
"30-57 years"	5
"30-58 years old"	13
"30-59 years"	400
"30-60 years"	1
"30-60 years old"	2
"30-62 years"	95
"30-65 years"	40
"30-68 years old"	1
"30-72 years"	9
"30-74 years"	6
"30-76 years"	4
"30-78"	14
"30-78 years old"	6
"30-79 years"	2
"30-80 years"	11
"30-83 years"	10
"30-85 years"	9
"30-86"	7
"30-90 years"	3
"30.1 to 59.1 years"	51
"30.9 to 42.1 years"	18
31	10
"31 to 47 years"	40
"31 to 53 years"	46
"31 to 59 years"	88
"31 to 62 years"	1
"31 to 68 years"	28
"31 to 83 years"	2
"31 years"	8
"31 years old"	8
"31-37"	3
"31-39"	65
"31-39 years old"	1
"31-42"	1
"31-43 years-old"	2
"31-45 years-old"	1
"31-48 years-old"	2
"31-53 years old"	1
"31-54"	1
"31-54 years-old"	1
"31-55 years old"	1
"31-55 years-old"	9
"31-56 years-old"	2
"31-57 years"	52
"31-58 years"	7
"31-58.8 years"	5
"31-59 years-old"	5
"31-60 years"	14
"31-63 years"	132
"31-64 years"	11
"31-68 yeays"	15
"31-70 years"	784
"31-72 years"	13
"31-73 years"	8
"31-76 years"	2
"31-77 years"	25
"31-80"	10
"31-88 years"	17
"31.2 to 63.0 years"	3
32	49
"32 or 34 years"	12
"32 to 56 years"	21
"32 to 65 years"	1
"32 to 78 years"	7
"32 years"	168
"32 years old"	17
"32- 53.5 years"	409
"32-35"	2
"32-35 years-old"	1
"32-37 years"	50
"32-38 years"	2
"32-39 weeks"	1
"32-39 years"	5
"32-40 years old"	1
"32-42"	1
"32-42 years-old"	1
"32-43 years"	14
"32-44 years old"	1
"32-44 years-old"	1
"32-47 years"	2
"32-47 years old"	1
"32-47 years-old"	1
"32-48 years old"	1
"32-49 years-old"	1
"32-51 years"	23
"32-53 years old"	6
"32-53 years-old"	3
"32-55 years old"	1
"32-55 years-old"	5
"32-56 years-old"	1
"32-58"	4
"32-59 years"	3
"32-59 years-old"	1
"32-62 years"	14
"32-63"	10
"32-64 years"	4
"32-66 years"	12
"32-66 years (mean = 50.3 year)"	6
"32-67 years"	4
"32-69 years"	4
"32-70 years"	6
"32-74"	24
"32-74 years"	287
"32-74 years old"	8
"32-76 years"	42
"32-82 years"	15
"32-85 years"	3
"32-86 years"	6
"32-87 years"	38
"32.8-35.6 years"	4
33	202
"33 to 49 years"	2
"33 to 50 years"	29
"33 to 55 years"	5
"33 to 57 years"	16
"33 to 66 years"	51
"33 to 73 years"	16
"33 years"	92
"33 years old"	14
"33-34 years-old"	1
"33-36 days"	1
"33-39"	9
"33-40 years old"	1
"33-41 years old"	1
"33-45 years"	919
"33-48 years-old"	2
"33-50 years"	3
"33-52 years-old"	33
"33-53 years old"	6
"33-53 years-old"	1
"33-55 years"	4
"33-55 years old"	1
"33-55 years-old"	5
"33-56 years"	13
"33-59 years-old"	1
"33-62 years"	70
"33-63"	16
"33-64 years"	16
"33-67 years"	4
"33-68 years"	6
"33-68 years old"	1
"33-73 years"	20
"33-74 years"	4
"33-75 years"	4
"33-77 years"	28
"33-87"	34
34	3
"34 to 50 years"	31
"34 to 56 years"	4
"34 to 58 years"	11
"34 to 66 years"	68
"34 to 67 years"	3
"34 to 70 years"	20
"34 to 73 years"	15
"34 years"	52
"34 years old"	1
"34-35"	5
"34-35 years"	6
"34-41 years"	2
"34-44 years"	11
"34-45 years"	9
"34-55 years"	5
"34-58 years"	1
"34-60 years"	1
"34-60 years old"	1
"34-61 years"	101
"34-63 years"	6
"34-64"	3
"34-64 years"	2
"34-65 years"	4
"34-66.5 years"	1
"34-72 years"	10
"34-85 years"	29
35	119
"35 to 40 days"	3
"35 to 41 years"	26
"35 to 50 years"	5
"35 to 55 years"	22
"35 to 77 years"	1
"35 years"	134
"35 years old"	18
"35- 70 years"	4
"35- 75 years"	7
"35-37 years"	1
"35-43 years-old"	1
"35-45 years"	24
"35-47 years"	11
"35-48 years"	1
"35-49 years"	7
"35-50 years"	25
"35-51 years"	1
"35-53 years-old"	1
"35-55 years"	10
"35-55 years-old"	1
"35-57 years"	6
"35-58 years"	1
"35-59 years"	3
"35-60 years"	2
"35-62 years"	30
"35-63 years"	6
"35-64"	8
"35-65 years"	78
"35-68 years"	29
"35-73 Years"	80
"35-76 years"	5
"35-94 years"	76
"35-95 years"	5
"35.4 yrs average"	11
"35.4 yrs. Average"	1
36	41
"36 to 59 years"	3
"36 to 65 years"	4
"36 to 67 years"	2
"36 to 68.2 years"	23
"36 to 78 years"	36
"36 to 79 years"	19
"36 to 85 years"	26
"36 to 88 years"	1
"36 years"	148
"36 ± 13 years"	1
"36-37 years"	1
"36-39 years"	3
"36-43 years"	5
"36-47 years"	3
"36-51 years old"	10
"36-52 years"	37
"36-55 years"	13
"36-56 years"	3
"36-57 years"	8
"36-65 years"	119
"36-70 years"	2
"36-70 years-old"	39
"36-75 years"	16
"36-84 years"	14
37	80
"37 to 61 years old"	45
"37 to 90 years"	43
"37 years"	45
"37 years old"	56
"37 yrs average"	11
"37 yrs. Average"	1
"37 ± 12 years"	2
"37- 88 years"	2
"37-41 years"	12
"37-45 years"	1
"37-46 years"	8
"37-47 years"	7
"37-492 months"	91
"37-53 years old"	1
"37-54 years"	6
"37-55 years"	3
"37-57"	14
"37-58 years"	4
"37-61 years old"	4
"37-63 years"	1
"37-65 years"	48
"37-66 years"	30
"37-74"	2
"37-74 years"	6
"37-78 years"	3
"37-80 years"	2
"37-90 years"	24
"37–62 years"	5
38	121
"38 and 44 years"	2
"38 and 48 years"	1
"38 to 52 years"	1
"38 to 63 years"	4
"38 to 71 years"	10
"38 to 72 years"	4
"38 to 75 years"	4
"38 years"	58
"38 years-old"	1
"38-48 years"	1
"38-50 years"	3
"38-51 years"	1
"38-53"	10
"38-56 years"	2
"38-57 years"	5
"38-59 years"	160
"38-61 years"	1
"38-62 years"	41
"38-64 years"	6
"38-65 years"	8
"38-67 years"	74
"38-71 years"	9
"38-73 years"	5
"38-75 years"	29
"38-77 years"	42
"38.1 ± 14.8 years"	28
"38.6 years (mean age)"	1
39	28
"39 to 57 years"	69
"39 to 67 years"	12
"39 to 82 years"	53
"39 years"	78
"39 years old"	19
"39-41 years"	1
"39-43"	2
"39-43 years"	7
"39-46 years old"	8
"39-47 years old"	2
"39-48 years"	14
"39-50 years"	73
"39-53 years old"	1
"39-54 years"	14
"39-55 years"	1
"39-58 years"	1
"39-61 years"	12
"39-63 years"	29
"39-65 years"	3
"39-69 years"	1
"39-73 years"	2
"39-75 years"	12
"39-82 years"	5
"39.8 +/- 10.6 years"	7
"4 - 5 weeks"	3
"4 - 6 weeks"	29
"4 and 12 weeks"	5
"4 days to 5 weeks"	1
"4 months"	103
"4 months- 4 years"	16
"4 to 10 weeks"	2
"4 to 12 weeks"	12
"4 to 15 weeks"	5
"4 to 16 years"	4
"4 to 21 years"	31
"4 to 5 weeks"	51
"4 to 57 years"	16
"4 to 6 months"	9
"4 to 6 weeks"	281
"4 to 6 weeks old"	97
"4 to 7 weeks"	6
"4 to 7 weeks old"	1
"4 to 8 months"	8
"4 to 8 weeks"	36
"4 to 8 weeks old"	54
"4 week"	28
"4 week old"	1
"4 weeks"	1618
"4 weeks old"	14
"4 weeks-old"	8
"4 wk - 3 mo"	3
"4 years"	6
"4-10 months"	2
"4-10 weeks"	115
"4-10 weeks-old"	10
"4-12 weeks"	28
"4-12 weeks-old"	7
"4-13 years"	13
"4-14 weeks"	4
"4-15 months"	4
"4-15 years"	2
"4-16 weeks"	8
"4-16 years old"	311
"4-17 years"	17
"4-18+ years"	7
"4-20 weeks"	2
"4-24 months"	92
"4-5  weeks"	14
"4-5 months"	11
"4-5 weeks"	276
"4-5 weeks old"	62
"4-5 weeks-old"	2
"4-5 wk"	6
"4-5 years"	3
"4-6 months"	19
"4-6 weeks"	1369
"4-6 weeks old"	33
"4-6 weeks-old"	68
"4-6 wk"	13
"4-6 wks"	118
"4-6.1 years"	4
"4-7 weeks"	48
"4-7 weeks old"	2
"4-8 months"	34
"4-8 weeks"	295
"4-8 weeks old"	4
"4-8 weeks-old"	6
"4-8 years"	4
"4-8-week-old"	2
"4-9 weeks"	2
"4-week old"	2
"4-week-old"	5
"4.1-15.2 years"	3
"4.1-16.3 years"	8
"4.5 - 6 months"	1
"4.5 weeks"	2
"4.5-14.3 years"	4
40	79
"40 - 63 years"	13
"40 -58 years"	2
"40 to 55 years"	2
"40 to 60 years"	1
"40 to 62.1 years"	23
"40 to 73 years"	376
"40 years"	29
"40 years old"	40
"40 years or older"	13
"40 years-old"	1
"40 ± 12 years"	4
"40-42 years"	1
"40-45 years"	1
"40-49 years"	17
"40-50 years"	4
"40-50 years-old"	63
"40-53 years-old"	2
"40-54 years"	4
"40-58 years"	4
"40-60 years"	6
"40-62 years"	23
"40-65 years"	12
"40-67 years"	22
"40-69 years"	2
"40-73 years old"	2
"40-76 years"	8
"40-80 years"	4
"40-81 years"	21
"40–74 years"	48
41	9
"41 +/- 11 years"	29
"41 and 43 years"	274
"41 to 75 years"	376
"41 years"	90
"41 years old"	26
"41-51 years"	2
"41-55"	34
"41-56 years"	8
"41-59 years"	3
"41-68 years"	2
"41-69 years"	23
"41-70 years"	24
"41-73"	4
"41-75 years"	2
"41-78 years"	8
"41-86 years"	2
"41±13 years"	2
"41–64 years"	5
42	1
"42 and 43 years"	1
"42 to 100 days"	3
"42 to 116 days"	6
"42 to 43 years"	1
"42 to 50 years"	6
"42 to 58 years"	10
"42 to 61 years"	10
"42 to 82 years"	2
"42 years"	72
"42 years old"	6
"42-53 years"	12
"42-61 years"	83
"42-62 years"	1
"42-64 years"	8
"42-65 years"	2
"42-67 years"	62
"42-70 years"	27
"42-70 years-old"	16
"42.7 years"	6
"42.8-66.5 years"	3
"42.8±11.9 years"	2
"42.9 to 73.7 years"	3
43	5
"43 to 67 years"	3
"43 years"	298
"43 years old"	8
"43- 79 years"	8
"43-46"	15
"43-50 years"	1
"43-52 years"	1
"43-55 years-old"	1
"43-60 years"	73
"43-61 years"	126
"43-65"	4
"43-68 years"	6
"43-84 years"	1
44	62
"44 to 59 years"	13
"44 to 74 years"	12
"44 to 81 years"	32
"44 years"	3253
"44 years old"	9
"44-45 years old"	1
"44-50 years"	1
"44-55 years"	1
"44-60 years"	3
"44-68 years"	1
"44.9 to 74.1 years"	86
45	27
"45 to 72 years"	32
"45 to 82 years"	57
"45 years"	114
"45 years old"	3
"45-52"	7
"45-55 yrs"	2
"45-60 years"	24
"45-61 years"	8
"45-65 years"	1
"45-66 years"	5
"45-71 years"	12
"45-72 years"	61
"45-82 years"	2
"45.8 years"	1
46	255
"46 to 61 years"	4
"46 to 64 years"	2
"46 to 84 years"	10
"46 to 92 years"	105
"46 years"	40
"46 years-old"	2
"46-48 months"	1
"46-48 yrs"	1
"46-53 years"	12
"46-58 years"	3
"46-65 years"	22
"46-67 years"	18
"46-72 years"	12
"46-73 years"	9
"46-74 years old"	2
"46-78 years"	1
"46-83 years"	216
"46-84 years"	16
"46-86 years"	12
"46.1 +/- 14.8 years"	3
"46.3-66.3 years"	25
"46.6 to 63.4 years"	1
47	18
"47 to 53 years"	26
"47 to 57 years"	115
"47 to 63 years"	115
"47 years"	52
"47 years old"	5
"47-56 years"	2
"47-58 years"	182
"47-64 years"	16
"47-65 years"	5
"47-66 years"	7
"47-76 years"	14
"47-83 years"	16
"47-88 years"	2
47.6	5
48	10
"48 years"	43
"48 years old"	18
"48- 74 years"	1
"48-59 years old"	1
"48-60 years"	6
"48-75 years"	5
"48-79 years"	5
"48-80 years"	81
"48.1±12.7 years"	1
"48.5 to 68.9 years"	3
49	6
"49 to 71 years"	3
"49 years"	170
"49 years old"	1417
"49-59 years"	2
"49-60 years"	3
"49-61 years"	58
"49-76 years"	5
"49-77 years"	2
"49-88 years"	1
"5 - 8 weeks"	28
"5 days"	30
"5 months"	117
"5 months-3 years"	25
"5 or 6 weeks"	2
"5 or 8 weeks"	1
"5 to 10 weeks"	6
"5 to 12 week"	15
"5 to 12 weeks"	216
"5 to 16 weeks"	4
"5 to 19 weeks"	366
"5 to 19 years"	27
"5 to 20 weeks"	12
"5 to 25 years"	18
"5 to 6 weeks"	408
"5 to 7 weeks"	30
"5 to 72 years"	4
"5 to 8 weeks"	591
"5 tp 7 weeks"	3
"5 weeks"	1441
"5 years"	2
"5, 11 or 18 weeks"	3
"5, 8, 11 or 18 weeks"	4
"5- to 8- weeks -old"	16
"5-10 weeks"	26
"5-10 years-old"	1
"5-12 weeks"	6
"5-14 years"	13
"5-15 years"	60
"5-16 weeks"	16
"5-16 weeks old"	2
"5-18 years"	11
"5-20 weeks"	14
"5-25 months"	1
"5-30 years-old"	1
"5-31 years"	17
"5-38 years"	6
"5-6 months"	48
"5-6 weeks"	825
"5-6 weeks old"	12
"5-6 weeks-old"	13
"5-60 years"	2
"5-62 years"	4
"5-65 years"	16
"5-7 weeks"	2205
"5-7 weeks old"	1
"5-70 years"	2
"5-8 weeks"	846
"5-8 weeks old"	20
"5-8 weeks-old"	2
"5-9 months"	6
"5-9 weeks"	3
"5.4 years"	6
"5.4-12 years"	2
"5.4-16.4 years"	1
"5.5 weeks"	1
"5.5-7.5 months"	6
50	12
"50 days"	11
"50 years"	112
"50 years old"	10
"50 yrs"	1
"50 ± 15 years"	4
"50- 74 years"	2
"50-58"	16
"50-62 years"	4
"50-64 years"	10
"50-65 years"	47
"50-69 years"	1
"50-70 years"	53
"50-73 years"	1
"50-76"	4
"50-76 years"	3
"50-79 years"	4
"50-80 years"	29
"50-96 years"	1
"50–81"	12
51	187
"51 to 83 years"	3
"51 to 84 years"	7
"51 years"	294
"51 years old"	1017
"51-53 years"	1
"51-58 years"	5
"51-67 years"	27
"51-77 years"	15
"51-78 years"	5
"51-80 years"	13
"51-85 years"	3
52	39
"52 and 70 years"	10
"52 years"	46
"52 years-old"	8
"52-58 years"	4
"52-59 years"	1
"52-62 years"	1
"52-68"	18
"52-71 years"	2
"52-74 years"	14
"52-75 years"	27
"52-78 years"	138
"52-83 years"	76
"52-89 years"	8
"52-91 years"	50
"52-96 years"	3
"52.2 - 69 years"	21
53	49
"53 to 71 years"	11
"53 to 83 years"	7
"53 years"	282
"53 years old"	28
"53 yrs"	4
"53-54 years"	30
"53-63 yeras"	3
"53-64 years"	2
"53-71 years"	20
"53-78 years"	1
"53-81 years"	72
"53-83 years"	7
54	28
"54 to 85 years"	52
"54 to 89 years"	6
"54 years"	44
"54 years old"	4
"54-57 years"	6
"54-63 years"	1
"54-73 years"	4
"54-74"	21
"54-78 years"	35
"54-79 years"	135
"54-81 years"	126
"54-82 years"	66
"54±10 years"	4
"54–77"	23
55	30
"55 to 70 years"	6
"55 to 81 years"	9
"55 to 87 years"	2
"55 years"	437
"55 years (mean)"	8
"55 years old"	9
"55-60 years"	1
"55-66 years"	1
"55-69 years"	3
"55-77 years"	36
"55.2 +/- 20.1 years"	45
56	182
"56 to 66"	1
"56 to 79 years"	1
"56 to 81 years"	30
"56 years"	313
"56-63"	300
"56-66"	1
"56-69"	1
"56-85"	10
"56.6 ± 19.3 years"	3
57	158
"57 to 81 years"	2
"57 years"	3754
"57 years old"	40
"57- 81 years"	7
"57-60 years"	1
"57-62 years"	6
"57-70 years"	45
"57-74 years"	10
"57-75 years"	9
"57-79 years"	115
"57.1-70.1 years"	4
58	59
"58 to 67 years"	26
"58 years"	179
"58 years old"	1
"58-68 years"	1
"58-74 years"	9
"58-75"	297
"58-78 years"	3
"58-81 years"	3
"58-84 years"	3
"58-85 years"	1
"58-90 years"	1
"58.5 +/- 18.2 years"	44
"58.8 (average)"	65
"58.8 ± 17.4"	7
"59 to 64 years"	2
"59 to 77 years"	9
"59 to 79 years"	1
"59 to 82 years"	2
"59 years"	163
"59-61 years"	1
"59-62 years"	1
"59-71 years"	8
"59-78 years"	1
"59-84 years"	3
"5–10 weeks old"	4
"6 - 10 weeks"	85
"6 - 12 weeks"	4
"6 - 8 weeks"	1298
"6 -10 weeks old"	9
"6 and 12 weeks"	1
"6 and 8 weeks"	21
"6 month-old"	10
"6 months"	247
"6 months to 14 years"	1
"6 months to 18 years"	16
"6 months to 2 years"	2
"6 months-1.1 year"	35
"6 motnhs to 15 years"	1
"6 to 10 months"	5
"6 to 10 week-old"	3
"6 to 10 weeks"	1063
"6 to 10 wk"	47
"6 to 12 weeks"	637
"6 to 12 weeks old"	47
"6 to 14 weeks"	24
"6 to 16 weeks"	22
"6 to 20 weeks"	3
"6 to 34 years"	8
"6 to 35 months"	51
"6 to 53 years"	37
"6 to 59 years"	182
"6 to 60 years"	38
"6 to 7 days or 8 to 12 weeks"	2
"6 to 7 months"	6
"6 to 7 weeks"	439
"6 to 74 years"	1
"6 to 8 months"	126
"6 to 8 week"	10
"6 to 8 weeks"	5266
"6 to 8 weeks old"	275
"6 to 8 weeks or 18 to 24 months"	3
"6 to 8 weeks or 20 to 22 months"	18
"6 to 8 weeks or > 18 months"	6
"6 to 8-week old"	12
"6 to 83 years"	29
"6 to 9 months"	5
"6 to 9 weeks"	11
"6 week"	6
"6 week old"	1
"6 weeks"	2834
"6 weeks old"	179
"6 weeks or older"	16
"6 weeks to 20 months"	1
"6 weeks to 22 months"	9
"6 weeks-old"	135
"6 wo"	1
"6 years"	33
"6 yo 8 weeks"	38
"6 yrs"	11
"6 ± 2 weeks"	21
"6- to 7- months"	1
"6-10 week old"	27
"6-10 weeks"	1854
"6-10 weeks old"	166
"6-10 weeks-old"	272
"6-10 wk"	154
"6-10 wks"	2
"6-10 years"	3
"6-11 weeks"	43
"6-12 months"	35
"6-12 weeks"	3269
"6-12 weeks old"	20
"6-12 weeks-old"	26
"6-12 wk"	14
"6-12 years"	1
"6-13 years"	4
"6-14 weeks"	17
"6-15"	11
"6-15 weeks"	21
"6-15 years"	10
"6-16 weeks"	747
"6-16 wk"	26
"6-16 years"	67
"6-18 weeks"	11
"6-18 weeks old"	28
"6-18 weeks-old"	5
"6-20 weeks"	357
"6-27 weeks"	2
"6-30 years"	46
"6-33 years"	2
"6-35 weeks"	18
"6-41 years"	10
"6-42 years"	7
"6-58 years"	10
"6-64 years"	20
"6-67 years"	17
"6-7 weeks"	537
"6-7 wk"	8
"6-8"	74
"6-8 week"	58
"6-8 weeks"	26803
"6-8 weeks old"	795
"6-8 weeks, and 4 months"	2
"6-8 weeks-old"	102
"6-8 weels"	18
"6-8 wk"	23
"6-8 wk old"	11
"6-8 wk."	5
"6-8 wks"	58
"6-8-week-old"	1
"6-8weeks"	12
"6-9 days"	26
"6-9 months"	4
"6-9 months-old"	14
"6-9 weeks"	229
"6-9 weeks old"	3
"6-week-old"	4
"6.5 months"	1
60	22
"60 to 70 years"	4
"60 years"	212
"60+ years"	61
"60-62 years"	1
"60-72 years"	1
"60-74"	36
"60-75 years"	1
"60-90 days"	14
"60-91 years"	2
"60-95 yrs"	3
61	81
"61 years"	1645
"61-81 years"	8
62	26
"62 years"	195
"62-65 years"	10
"62-74 years"	227
63	31
"63 years"	706
"63-66 years"	1
"63-67 years"	10
"63-68 years"	9
"63-79 days"	26
"63-82 years"	3
"63-85 years"	10
"63-92 years"	85
64	44
"64 years"	15
"64 yeras"	3
"64-66 years"	123
"64-83"	4
"64-86 years"	10
65	26
"65 days"	4
"65 years"	471
"65-70 years"	52
"65-72 years"	2
"65-74 years old"	1
"65-78 years"	1
"65-85 years"	1
"65-94 years"	5
66	5
"66 to 77 years"	30
"66 years"	119
"66-86 years"	3
"66.6 to 84.6 years"	3
67	104
"67 to 76 years"	20
"67 years"	317
"67 years old"	9
"67-75 years"	1
68	5
"68 to 75 years"	1
"68 years"	169
"68 years old"	19
"68 years, and 70 years"	4
69	90
"69 years"	98
"69-70"	2
"69-83 years"	1
7	2
"7 - 11 years"	8
"7 -11 years"	1
"7 -8 weeks"	1
"7 day old"	1
"7 days"	76
"7 days or 8-10 weeks"	8
"7 months"	4
"7 months to 44 years"	1
"7 to 10 weeks"	182
"7 to 11 weeks"	11
"7 to 12 weeks"	14
"7 to 14 weeks"	31
"7 to 15 weeks"	14
"7 to 16 weeks"	106
"7 to 35 years"	27
"7 to 48 years"	3
"7 to 62 years"	1185
"7 to 8 week"	19
"7 to 8 weeks"	112
"7 to 9 weeks"	293
"7 weeks"	487
"7 weeks or newborn"	4
"7 years"	2
"7 yo 8 weeks"	2
"7-10 weeks"	588
"7-10 weeks-old"	88
"7-11 weeks"	33
"7-12 months"	23
"7-12 week"	2
"7-12 weeks"	337
"7-12 weeks-old"	3
"7-13 months"	4
"7-13 weeks"	2
"7-14 weeks"	4
"7-15 weeks"	43
"7-15 years"	4
"7-16 weeks"	8
"7-17 years old"	3
"7-26 years"	8
"7-30"	44
"7-37 years"	4
"7-40 years"	1
"7-48 years"	4
"7-53 years"	11
"7-55 years"	61
"7-62 years"	6
"7-64 years"	83
"7-66 years"	5
"7-70 years"	57
"7-74 years"	5
"7-74 years old"	25
"7-78 years"	1
"7-79"	8
"7-8 months"	398
"7-8 weeks"	672
"7-8 weeks old"	28
"7-8 weeks-old"	4
"7-8 years"	3
"7-9 weeks"	557
"7-9 weeks old"	28
"7.3 to 60.0 years"	1
"7.4 to 22.9 years"	1
"7.5-8 weeks"	36
70	278
"70 years"	153
"70-71"	2
"70-80 years"	1
71	52
"71 years"	32
72	36
"72 to 90 years"	1
"72 years"	132
"72-76 years"	2
73	52
"73 years"	72
74	31
"74 years"	83
"74 years old"	1
"74-92 years"	52
"75 years"	143
"75-77 years"	4
"75-78 years"	1
"76 years"	71
"77 years"	10
"78 to 84 years"	4
"78 years"	32
79	117
"79 years"	84
"8 - 10 weeks"	1
"8 - 12 weeks"	43
"8 - 16 weeks"	2
"8 - 9 weeks old"	4
"8 -11 weeks old"	2
"8 -12 weeks"	21
"8 -12 weeks old"	17
"8 days or 4-6 months"	3
"8 months"	68
"8 to 10 months"	1
"8 to 10 weeks"	3111
"8 to 10 weeks old"	21
"8 to 10 weeks or 21 months"	6
"8 to 10 weels"	3
"8 to 12 week"	18
"8 to 12 weeks"	1623
"8 to 12-week-old"	2
"8 to 12-weeks"	1
"8 to 13 weeks"	21
"8 to 14 weeks"	84
"8 to 16 weeks"	31
"8 to 18 weeks"	27
"8 to 20 weeks"	11
"8 to 24 weeks"	8
"8 to 24 years"	9
"8 to 45 years"	1
"8 to 47 years"	1
"8 to 50 years"	50
"8 to 62 years"	6
"8 to 64 years"	2
"8 to 68 years"	90
"8 to 9 weeks"	17
"8 week"	6
"8 week old"	30
"8 week-old"	4
"8 weeks"	3399
"8 weeks old"	76
"8 weeks or older"	10
"8 weeks to 6 months"	30
"8 weeks-old"	47
"8 wk"	2
"8 wk."	1
"8 yr"	7
"8-10"	11
"8-10 weeks"	4480
"8-10 weeks old"	180
"8-10 weeks or 18-22 months"	4
"8-10 weeks-old"	60
"8-10 wk"	35
"8-10 wks"	22
"8-10 wks."	16
"8-10wk"	70
"8-11 weeks"	39
"8-11 weeks old"	6
"8-11 wk"	4
"8-12 months"	37
"8-12 week"	4
"8-12 weeks"	4697
"8-12 weeks old"	163
"8-12 weeks-old"	50
"8-12 weeks."	3
"8-12 wk"	71
"8-12 wk."	6
"8-12 wks"	13
"8-13 weeks"	2
"8-14 weeks"	298
"8-14 weeks old"	127
"8-14 wk"	12
"8-14 years"	4
"8-15 weeks"	33
"8-15 years"	6
"8-16 weeks"	516
"8-16 wk"	2
"8-17 years"	69
"8-18 weeks"	16
"8-20 weeks"	98
"8-20 weeks-old"	15
"8-24 weeks"	18
"8-24 weeks old"	25
"8-25 years"	3
"8-29 years"	1
"8-34 years"	144
"8-36 years"	171
"8-44"	4
"8-44 years"	2
"8-53 years"	1
"8-60 years"	8
"8-65 years"	3
"8-78 years"	5
"8-9 months"	20
"8-9 weeks"	233
"8-week-old"	5
"8-weeks-old"	2
"8-years-old"	4
"8-yr-old"	1
8.4	1
"8.4-12 years"	6
"8.4-16.4 years"	4
"8.4-27.3 years"	22
"8.9 to 18.7 years"	144
"80 days"	11
"80 years"	5
81	2
"81 years"	164
"82 years"	1
83	8
"83 years"	1
"83-86"	1
"84 years"	13
"85 years"	16
"86 years"	74
"87 years"	1
"88 years"	1
"89.7 years"	1
"8–12 weeks"	9
"9 - 12 weeks"	2
"9 months"	9
"9 months to 81 years"	12
"9 or 20 weeks"	2
"9 to 12 weeks"	21
"9 to 23 years"	1
"9 to 38 years"	2
"9 to 56 years"	11
"9 to 64 years"	6
"9 to 65 years"	21
"9 to 71 years"	3
"9 to 87 years"	16
"9 week old"	35
"9 weeks"	116
"9 weeks old"	6
"9 years"	2
"9-10 weeks"	31
"9-11 weeks"	4
"9-11 weeks old"	14
"9-12 months"	8
"9-12 months old"	6
"9-12 weeks"	24
"9-12 years"	4
"9-14 weeks"	1
"9-16 weeks"	4
"9-20 weeks"	10
"9-25 years"	2
"9-35 years"	10
"9-39 years"	8
"9-50 years"	13
"9-52 years"	33
"9-64 years"	5
"9-66 years"	2
"9-72"	3
"9-78 years"	7
"9-86 years"	7
"9.4 months"	4
"9.5 months"	1
"91 days"	4
"< 10 weeks"	2
"< 11 years"	1
"< 12 hours"	12
"< 42 days"	4
"< 45 years"	10
"< 5 weeks"	2
"< 6 weeks"	1
"<16 hours"	4
"<18 hours"	4
"<24 hours"	1
"<3 years"	20
"<55 years"	4
"<70 years"	1
"> 14 weeks"	23
"> 18 years"	34
"> 2 months"	2
"> 20 weeks"	12
"> 24 weeks"	4
"> 3 years"	8
"> 50 years"	486
"> 6 months"	9
"> 6 weeks"	320
"> 8 weeks"	73
"> 8 wk."	4
"> 9 weeks"	2
">10 years"	2
">16 weeks"	66
">16 years"	18
">18 years"	92
">27 weeks"	2
">40 years"	11
">45 years"	6
">50 years"	20
">50 years-old"	460
">6 weeks"	4
">6 wk"	6
">8 weeks"	43
">9 years"	4
"Adult"	2366
"adult (>18 years)"	1
"Adult (avg. age = 30.8 years)"	5
"Adult (within 24 hours of parturition)"	2
"Adults"	1178
"Adults (15-44)"	1
"Adults (40 year-old average)"	35
"Adults (pregnant)"	24
"Adults and children"	29
"Adults and children (ages 4.5-10.5 and 15-44)"	5
"At birth"	23
"at least 7 weeks"	71
"at least 8 weeks"	8
"At least 8 weeks old"	6
"average 40.8 years"	24
"average 44.3 years"	66
"average 48 years"	720
"average age 29.8"	30
"average age 29.8 years"	31
"average age 35.1"	22
"average age = 19.2 years"	1
"Average age = 36.9 years"	45
"average age = 4.38 years"	2
"average age = 48 years"	7
"Average age = 59.4"	6
"Average age = 60.5 years"	51
"average age=32 years"	4
"average age=36.5 years"	4
"average of 30.2 years"	5
"Calf"	33
"Calves"	496
"Calves and cows"	3
"child"	58
"Children"	188
"Children (avg. age = 9.5 years)"	5
"Children (mean age 7.2 years)"	2
"Children and Adults"	6
"embryonic day 15"	1
"Fetal"	6
"five week old"	6
"Infant"	6
"juvenile"	5
"less than 24 hours"	8
"less than 30 years"	7
"mean 18.75 years"	14
"mean 29.7 years"	14
"mean 34.59 years"	9
"mean 39.7 years"	6
"mean 44 years"	202
"mean 54 years (range 19-68)"	1
"mean 55 years"	3
"mean 56 years"	169
"mean 58 years"	4
"mean = 32.17±13.32 years"	5
"mean = 73±8.53 years"	5
"mean age  40.1 years"	60
"mean age  48.2 years"	60
"Mean age 10.6 years"	24
"mean age 22.8 years"	4
"mean age 26.5 years"	154
"mean age 30 +/- 7 years"	7
"mean age 30 years"	44
"mean age 31 years"	6
"mean age 34.4 years"	5
"mean age 34.6 years"	1
"mean age 35 +/- 11 years"	7
"mean age 39 years"	1
"mean age 40 years"	1
"mean age 46 years"	75
"mean age 46.5 years"	31
"mean age 50.7 years"	1
"mean age 54 years"	6
"Mean age 65 years"	4
"mean age = 27 years"	10
"mean age = 30 years"	20
"Mean age = 30.7 years"	44
"mean age = 34.8 years"	2
"mean age = 45.2 years"	1
"mean age = 49.2 years"	8
"mean age = 58 years"	2
"Mean age = 68 years"	24
"Mean age of 32.2 years with a range from 18 to 49 years"	228
"mean age of 49 years"	3
"mean age of 57 years"	3
"mean of 12.2 years"	4
"mean of 37.0 years"	22
"Mean: 29 years"	853
"Mean: 30 years"	853
"Mean=28.5 ± 15.0"	65
"median 41.7 years"	2
"median 58 years"	5
"median 66.5 years"	4
"Median age 11.3 years"	3
"median age 28 years"	2
"Median age 5.5 years"	3
"Median age 6.3 years"	3
"median age = 27 years"	14
"neonatal"	34
"neonate"	11
"Neonate and adult"	1
"Neonates"	13
"Neonates (3 days)"	3
"Neonates (3 or 7 days)"	1
"newborn"	95
"Newborns"	234
"Not available"	7
"older than 8 weeks"	6
"over 12 weeks"	11
"over 18 years old"	10
"over 5 weeks"	2
"Pediatric"	152
"prenatal"	3
"six to eight weeks old"	11
"Six week old"	16
"Sucking"	2
"under 16 weeks"	1
"within 12 hours of birth"	3
"Young"	213
"young adult"	50
"Young adults"	56
"~ 31 to 55 years"	43
"~ 33 to 55 years"	43
"≥ 18 years"	8
NULL	3429202
"0 years"	851
"1 year"	89060
"10 years"	419
100	1
101	2
"11 years"	21674
"12 to 51 years"	2164
"12 weeks"	6096
"12-43 years"	164
"16 years"	42
"19 to 83 years"	120324
"19-60 years"	43852
"2 weeks"	1
"2 years"	667
"2-3 months"	4
"21-57 years"	606
"22 years"	1
"22-49 years"	1230
"24 to 82 years"	5070
"24 years old"	3288
"25 to 87 years"	31715
"25-54 years"	2705
"25-73 years"	78
26	1
"26-41 years"	151
"30 years"	7929
"30-50 years-old"	2603
"31 years"	11509
"31-88 years old"	81
33	39009
"33 years"	112083
"35 years"	238
"35-76 years"	525
"35-87 years old"	456
"36 years"	93
37	30
"37 to 70 years"	606
"37-70 years"	181
"37-91 years old"	4370
38	2
"38 years"	4946
39	2
"39 years"	2
"4 days - 9 months"	460
40	2
"40 to 72 years"	267
"40 years"	1180
41	1
42	25670
43	1
"43 years"	2219
44	2
45	2
"45 years"	13494
46	1
47	2
48	2
"48 years"	9254
49	2
"5 months to 5 years"	279
"5 years"	1
"5-8 weeks"	1436
50	183
"50 years"	2
51	2
"51 years"	425
"51 years old"	6462
52	2
"52 years"	124
53	1
"53 years"	54066
54	1
"54 years"	3531
55	3
"55-74"	1
"55-85 years"	2
56	2
"56 years"	1319
57	6
"57 years"	2
58	1
"58 years"	47545
59	2
"59 years"	1874
"6 months to 15 years"	705
"6 months to 5 years"	1
"6 to 10 weeks"	1
"6 to 8 weeks"	147
"6 weeks"	23
"6 years"	2190
"6-12 weeks"	40
"6-8 weeks"	4538
60	4
"60 years"	3237
"60 years old"	2510
"60-64 years"	40
61	1
"61 years"	1631
63	14
"63 years"	23
64	2
"64 years old"	3561
65	2
"65 years"	3800
66	2
"66 years"	1
67	66504
"67 years"	6403
68	2
"69 years"	13622
"7 months"	1
"7 years"	1
"7-11 weeks"	129
"7-8 weeks"	3294
"7-9 weeks old"	416
70	1
71	2
72	1
73	1
"73 years"	5
74	1
"74 years"	7
75	1
"75 years"	2807
76	1
77	1
78	2
79	1
"8 to 10 weeks"	3942
"8 weeks"	1
"8 years"	1660
"8-10 weeks"	43
"8-10 weeks old"	346
"8-12 weeks"	509
"8-20 weeks"	2031
80	1
"80 years old"	7850
81	1
"81 years"	1
82	1
"82 years"	6048
83	1
84	1
85	1
86	2
87	2
88	1
89	2
"9-52 years"	13
90	2
91	2
92	2
93	1
94	2
95	2
96	2
97	2
98	1
99	1
"> 50 years"	585
"adult"	6590
"Fetus"	8069
"middle-aged"	14
"neonatal"	242
"old"	40186
"pediatric"	3
"young and old"	40186
